"","Player","Pos","School","Ht","Wt","X40yd","X3Cone","Shuttle","YearDrafted"
"1","Mark Bradley","WR","Oklahoma","6-1",201,4.37,6.96,3.98,2005
"2","Craig Bragg","WR","UCLA","6-1",196,4.46,NA,NA,2005
"3","Reggie Brown","WR","Georgia","6-2",196,4.45,6.99,3.94,2005
"4","Mark Clayton","WR","Oklahoma","5-10",193,4.41,6.95,4.07,2005
"5","Airese Currie","WR","Clemson","5-10",186,4.49,7.05,4.07,2005
"6","Josh Davis","WR","Marshall","6-0",191,4.52,7.19,4.22,2005
"7","Braylon Edwards","WR","Michigan","6-3",211,4.45,NA,NA,2005
"8","Charles Frederick","WR","Washington","5-11",194,4.78,7.39,4.25,2005
"9","Fred Gibson","WR","Georgia","6-4",196,4.55,7.03,4.1,2005
"10","Howard Gilmore","WR","Norfolk State","6-0",194,4.71,7.56,4.44,2005
"11","Reggie Harrell","WR","TCU","6-3",214,4.58,7.42,4.11,2005
"12","Chris Henry","WR","West Virginia","6-4",197,4.5,NA,NA,2005
"13","Efrem Hill","WR","Samford","6-0",179,4.58,7.42,4.07,2005
"14","Vincent Jackson","WR","Northern Colorado","6-5",241,4.46,NA,NA,2005
"15","Brandon Jones","WR","Oklahoma","6-1",210,4.42,7.03,4.08,2005
"16","Chase Lyman","WR","California","6-3",217,4.5,NA,NA,2005
"17","Tony Madison","WR","Kansas State","6-1",213,4.52,7.13,4.3,2005
"18","Tommy Manus","WR","South Florida","6-4",222,4.55,7.2,4.34,2005
"19","Rasheed Marshall","WR","West Virginia","6-0",185,4.51,6.81,3.95,2005
"20","Jerome Mathis","WR","Kansas State","5-11",181,4.28,NA,NA,2005
"21","Leron McCoy","WR","Indiana (PA)","6-1",211,4.4,7.19,4.21,2005
"22","Lance Moore","WR","Toledo","5-9",177,4.52,NA,NA,2005
"23","Terrence Murphy","WR","Texas A&M","6-1",202,4.39,NA,NA,2005
"24","Chad Owens","WR","Hawaii","5-7",183,4.62,6.7,3.94,2005
"25","Roscoe Parrish","WR","Miami (FL)","5-10",168,4.37,NA,NA,2005
"26","Tab Perry","WR","UCLA","6-2",229,4.46,7,NA,2005
"27","Jamaica Rector","WR","Northwest Missouri State","5-10",186,4.47,6.78,4.13,2005
"28","Dante' Ridgeway","WR","Ball State","5-11",212,4.57,7.25,4.39,2005
"29","Courtney Roby","WR","Indiana","6-0",189,4.41,6.6,3.94,2005
"30","J.R. Russell","WR","Louisville","6-3",206,4.56,NA,NA,2005
"31","Steve Savoy","WR","Utah","5-11",192,4.62,NA,NA,2005
"32","Dan Sheldon","WR","Northern Illinois","5-9",179,4.43,NA,NA,2005
"33","Chauncey Stovall","WR","Florida State","6-1",221,4.62,NA,NA,2005
"34","Craphonso Thorpe","WR","Florida State","6-1",188,4.38,NA,NA,2005
"35","Paris Warren","WR","Utah","6-0",219,4.71,NA,NA,2005
"36","Isaac West","WR","Furman","6-0",187,4.46,7.21,4.22,2005
"37","Roddy White","WR","Ala-Birmingham","6-1",207,4.46,NA,NA,2005
"38","Mike Williams","WR","USC","6-5",229,4.56,NA,NA,2005
"39","Troy Williamson","WR","South Carolina","6-1",203,4.32,6.99,NA,2005
"40","David Anderson","WR","Colorado State","5-10",192,4.57,6.88,4.2,2006
"41","Devin Aromashodu","WR","Auburn","6-2",201,4.35,7.04,4.16,2006
"42","Miles Austin","WR","Monmouth (NJ)","6-2",215,4.47,7.09,4.14,2006
"43","Jason Avant","WR","Michigan","6-0",212,4.62,NA,NA,2006
"44","Hank Baskett","WR","New Mexico","6-3",224,4.5,6.79,4.17,2006
"45","Damarius Bilbo","WR","Georgia Tech","6-2",214,4.7,6.9,4.18,2006
"46","Jeremy Bloom","WR","Colorado","5-9",173,4.49,NA,NA,2006
"47","Jovon Bouknight","WR","Wyoming","6-1",195,4.71,6.93,4.03,2006
"48","Jason Carter","WR","Texas A&M","6-0",211,4.6,6.89,4.21,2006
"49","Marques Colston","WR","Hofstra","6-5",224,4.5,6.94,4.43,2006
"50","Chris Denney","WR","Nebraska-Omaha","6-3",224,4.65,7.02,4.33,2006
"51","Skyler Green","WR","LSU","5-9",192,4.53,NA,NA,2006
"52","Derek Hagan","WR","Arizona State","6-2",208,4.45,NA,4.07,2006
"53","Chris Hannon","WR","Tennessee","6-3",205,4.48,NA,NA,2006
"54","Mike Hass","WR","Oregon State","6-1",208,4.59,6.97,4.14,2006
"55","Devin Hester","WR","Miami (FL)","5-11",190,4.41,NA,NA,2006
"56","Ed Hinkel","WR","Iowa","6-0",190,4.54,6.97,4.1,2006
"57","Santonio Holmes","WR","Ohio State","5-11",188,4.35,NA,NA,2006
"58","Chad Jackson","WR","Florida","6-1",213,4.32,6.73,3.97,2006
"59","Adam Jennings","WR","Fresno State","5-9",181,4.44,6.88,4.12,2006
"60","Greg Jennings","WR","West. Michigan","5-11",197,4.42,6.68,4.16,2006
"61","Greg Lee","WR","Pittsburgh","6-2",201,4.59,6.8,4.09,2006
"62","Brandon Marshall","WR","Central Florida","6-4",229,4.52,NA,NA,2006
"63","Anthony Mix","WR","Auburn","6-4",235,4.48,NA,NA,2006
"64","Sinorice Moss","WR","Miami (FL)","5-8",185,4.38,NA,NA,2006
"65","Martin Nance","WR","Miami (OH)","6-4",213,4.55,6.91,4.08,2006
"66","Ben Obomanu","WR","Auburn","6-1",205,4.45,7.17,4.21,2006
"67","Jonathan Orr","WR","Wisconsin","6-2",198,4.44,7.31,4.16,2006
"68","Willie Reid","WR","Florida State","5-10",188,4.34,7.06,4.26,2006
"69","Michael Robinson","WR","Penn State","6-1",227,4.57,NA,NA,2006
"70","Cory Rodgers","WR","TCU","6-0",188,4.58,7.37,4.19,2006
"71","Richie Ross","WR","Nebraska-Kearney","6-4",209,4.61,6.95,4.29,2006
"72","Brad Smith","WR","Missouri","6-2",213,4.46,7,4.33,2006
"73","Clinton Solomon","WR","Iowa","6-3",214,4.58,7.17,4.46,2006
"74","Maurice Stovall","WR","Notre Dame","6-4",217,4.57,6.81,4.14,2006
"75","Delanie Walker","WR","Central Missouri State","6-1",240,4.49,NA,NA,2006
"76","Todd Watkins","WR","BYU","6-2",202,4.4,7.13,4.24,2006
"77","Jeff Webb","WR","San Diego State","6-2",211,4.4,6.81,4.08,2006
"78","Brandon Williams","WR","Wisconsin","5-9",179,4.48,6.87,4.07,2006
"79","Demetrius Williams","WR","Oregon","6-2",197,4.52,6.84,4.08,2006
"80","Travis Wilson","WR","Oklahoma","6-2",214,4.47,6.7,3.99,2006
"81","Aundrae Allison","WR","East Carolina","6-0",198,4.39,NA,NA,2007
"82","Dallas Baker","WR","Florida","6-3",208,4.53,6.69,4.19,2007
"83","Reggie Ball","WR","Georgia Tech","5-11",203,4.67,6.9,4.19,2007
"84","David Ball","WR","North Texas","6-1",196,4.7,6.94,4.21,2007
"85","Dwayne Bowe","WR","LSU","6-2",221,4.51,6.81,4.35,2007
"86","Steve Breaston","WR","Michigan","6-0",193,4.46,6.9,4.29,2007
"87","David Clowney","WR","Virginia Tech","6-0",188,4.36,7,4.15,2007
"88","Jemalle Cornelius","WR","Florida","5-11",184,4.57,6.99,4.3,2007
"89","Buster Davis","WR","Florida State","6-1",207,4.41,NA,NA,2007
"90","Chris Davis","WR","Florida State","5-10",181,4.5,6.66,4.14,2007
"91","Aaron Fairooz","WR","Central Arkansas","6-6",209,4.49,6.89,4.27,2007
"92","Yamon Figurs","WR","Kansas State","5-11",174,4.3,6.85,4.21,2007
"93","Joel Filani","WR","Texas Tech","6-2",211,4.57,NA,NA,2007
"94","Ted Ginn","WR","Ohio State","5-11",178,4.38,NA,NA,2007
"95","Anthony Gonzalez","WR","Ohio State","6-0",193,4.44,6.54,4.08,2007
"96","Jarrett Hicks","WR","Texas Tech","6-3",210,4.67,NA,NA,2007
"97","Johnnie Lee Higgins","WR","Texas-El Paso","5-11",186,4.48,6.62,4.32,2007
"98","Jason Hill","WR","Washington State","6-0",204,4.32,7.02,4.22,2007
"99","Jonathan Holland","WR","Louisiana Tech","6-0",191,4.45,7.12,4.4,2007
"100","Drisan James","WR","Boise State","6-0",193,4.52,7.09,4.39,2007
"101","Dwayne Jarrett","WR","USC","6-4",219,4.62,NA,NA,2007
"102","Calvin Johnson","WR","Georgia Tech","6-5",239,4.35,NA,NA,2007
"103","Jacoby Jones","WR","Lane (TN)","6-3",210,4.5,7.03,4.31,2007
"104","James Jones","WR","San Jose State","6-1",207,4.54,7.06,4.2,2007
"105","Onrea Jones","WR","Kansas State","5-11",202,4.42,7.05,4.28,2007
"106","Jordan Kent","WR","Oregon","6-4",217,4.49,NA,NA,2007
"107","Mike Mason","WR","Tennessee State","6-0",190,4.4,6.94,4.08,2007
"108","Marquay McDaniel","WR","Kansas State","5-10",205,4.52,7.13,4.35,2007
"109","Rhema McKnight","WR","Notre Dame","6-1",211,4.53,6.84,4.16,2007
"110","Robert Meachem","WR","Tennessee","6-2",214,4.39,6.97,4.31,2007
"111","Ryan Moore","WR","Miami (FL)","6-2",217,4.54,6.87,4.35,2007
"112","Legedu Naanee","WR","Boise State","6-2",225,4.41,NA,NA,2007
"113","Syvelle Newton","WR","South Carolina","6-1",218,4.64,NA,NA,2007
"114","Jerard Rabb","WR","Boise State","6-2",201,4.58,6.99,4.19,2007
"115","Sidney Rice","WR","South Carolina","6-3",200,4.51,7.09,4.34,2007
"116","Laurent Robinson","WR","Illinois State","6-2",199,4.38,6.83,4.28,2007
"117","Ryne Robinson","WR","Miami (OH)","5-9",179,4.47,6.71,4.21,2007
"118","Mike Sims-Walker","WR","Central Florida","6-2",209,4.35,6.92,4.39,2007
"119","Bret Smith","WR","Tennessee","6-2",173,4.55,NA,NA,2007
"120","Steve Smith","WR","USC","6-0",197,4.44,6.68,4.19,2007
"121","Syndric Steptoe","WR","Arizona","5-9",194,4.59,NA,NA,2007
"122","Chansi Stuckey","WR","Clemson","5-11",197,4.56,6.91,4.14,2007
"123","Jayson Swain","WR","Tennessee","6-0",212,4.63,NA,NA,2007
"124","Courtney Taylor","WR","Auburn","6-2",204,4.5,7.22,4.28,2007
"125","Paul Thompson","WR","Oklahoma","6-4",216,4.62,6.81,4.11,2007
"126","Matt Trannon","WR","Michigan State","6-6",216,4.57,7.09,4.34,2007
"127","Chandler Williams","WR","Florida International","5-11",184,4.42,6.99,4.29,2007
"128","Paul Williams","WR","Fresno State","6-1",205,4.45,7.03,4.24,2007
"129","D'Juan Woods","WR","Oklahoma State","6-0",208,4.58,6.89,4.34,2007
"130","Danny Amendola","WR","Texas Tech","5-10",183,4.58,6.81,4.25,2008
"131","Adrian Arrington","WR","Michigan","6-3",203,4.55,NA,NA,2008
"132","Donnie Avery","WR","Houston","5-11",192,4.43,NA,NA,2008
"133","Earl Bennett","WR","Vanderbilt","5-11",209,4.48,7.15,4.22,2008
"134","Davone Bess","WR","Hawaii","5-10",194,4.64,6.97,4.27,2008
"135","Todd Blythe","WR","Iowa State","6-5",214,4.65,6.92,4.23,2008
"136","Adarius Bowman","WR","Oklahoma State","6-3",223,4.74,NA,NA,2008
"137","Mark Bradford","WR","Stanford","6-1",211,4.69,7.12,4.47,2008
"138","Brandon Breazell","WR","UCLA","6-0",160,4.41,6.97,NA,2008
"139","Travis Brown","WR","New Mexico","6-2",202,4.49,7.18,4.38,2008
"140","Dorien Bryant","WR","Purdue","5-10",174,4.49,6.88,4.24,2008
"141","Keenan Burton","WR","Kentucky","6-0",201,4.44,6.77,4.2,2008
"142","Andre Caldwell","WR","Florida","6-0",204,4.35,6.75,4.11,2008
"143","Early Doucet","WR","LSU","6-0",209,4.59,NA,NA,2008
"144","Harry Douglas","WR","Louisville","5-11",176,4.51,6.57,4.12,2008
"145","De'Cody Fagg","WR","Florida State","6-1",211,4.61,NA,NA,2008
"146","Will Franklin","WR","Missouri","6-0",214,4.37,NA,NA,2008
"147","Pierre Garcon","WR","Mount Union","6-0",210,4.42,6.9,4.19,2008
"148","Ryan Grice-Mullen","WR","Hawaii","5-10",187,4.53,6.91,4.16,2008
"149","D.J. Hall","WR","Alabama","6-2",193,4.54,NA,NA,2008
"150","James Hardy","WR","Indiana","6-5",217,4.45,6.84,4.2,2008
"151","Justin Harper","WR","Virginia Tech","6-3",213,4.56,7.03,4.43,2008
"152","Lavelle Hawkins","WR","California","5-11",187,4.57,NA,NA,2008
"153","Marcus Henry","WR","Kansas","6-4",207,4.55,7.08,4.3,2008
"154","Paul Hubbard","WR","Wisconsin","6-3",221,4.49,NA,NA,2008
"155","DeSean Jackson","WR","California","5-10",169,4.35,NA,NA,2008
"156","Dexter Jackson","WR","Appalachian State","5-9",182,4.33,6.81,4.38,2008
"157","Darnell Jenkins","WR","Miami (FL)","5-9",187,4.52,7.33,4.37,2008
"158","Stevie Johnson","WR","Michigan State","6-2",210,4.46,7.07,4.26,2008
"159","Jaymar Johnson","WR","Jackson State","5-11",177,4.5,6.75,4.18,2008
"160","Malcolm Kelly","WR","Oklahoma","6-4",224,4.68,NA,NA,2008
"161","Mario Manningham","WR","Michigan","6-0",181,4.59,7.34,4.27,2008
"162","Shaheer McBride","WR","Delaware State","6-1",205,4.61,7.12,4.48,2008
"163","Marcus Monk","WR","Arkansas","6-4",222,4.56,7.08,4.3,2008
"164","Kenneth Moore","WR","Wake Forest","5-11",195,4.47,7.09,4.3,2008
"165","Josh Morgan","WR","Virginia Tech","6-0",219,4.46,NA,NA,2008
"166","Jordy Nelson","WR","Kansas State","6-3",217,4.51,7.03,4.35,2008
"167","Brian Paysinger","WR","Oregon","6-2",206,4.55,NA,NA,2008
"168","Billy Pittman","WR","Texas","5-11",189,4.7,7.04,4.4,2008
"169","Maurice Purify","WR","Nebraska","6-3",224,4.5,6.95,4.29,2008
"170","Darius Reynaud","WR","West Virginia","5-9",201,4.48,6.88,4.32,2008
"171","Jason Rivers","WR","Hawaii","6-1",200,4.59,7.03,4.32,2008
"172","Kevin Robinson","WR","Utah State","5-11",202,4.69,7.31,4.77,2008
"173","Eddie Royal","WR","Virginia Tech","5-10",184,4.39,7.07,4.34,2008
"174","Lorne Sam","WR","Texas-El Paso","6-2",220,4.59,7.11,4.35,2008
"175","Arman Shields","WR","Richmond","6-1",194,4.37,6.67,3.96,2008
"176","Jerome Simpson","WR","Coastal Carolina","6-2",199,4.42,7.08,4.52,2008
"177","Marcus Smith","WR","New Mexico","6-1",221,4.51,7.1,4.42,2008
"178","Taj Smith","WR","Syracuse","6-0",187,4.59,7.15,4.5,2008
"179","Limas Sweed","WR","Texas","6-4",215,4.48,NA,NA,2008
"180","Devin Thomas","WR","Michigan State","6-2",216,4.41,7.15,4.26,2008
"181","Mario Urrutia","WR","Louisville","6-5",232,4.59,7.07,4.44,2008
"182","Joe West","WR","Texas-El Paso","6-1",213,4.52,6.96,4.33,2008
"183","Ramses Barden","WR","Cal Poly","6-6",229,4.51,NA,4.26,2009
"184","Kenny Britt","WR","Rutgers","6-3",218,4.47,NA,4.47,2009
"185","Deon Butler","WR","Penn State","5-10",182,4.31,7.01,4.48,2009
"186","Demetrius Byrd","WR","LSU","6-0",199,4.35,NA,NA,2009
"187","Jeremy Childs","WR","Boise State","6-0",200,4.47,6.9,4.26,2009
"188","Austin Collie","WR","BYU","6-1",200,4.53,6.78,4.24,2009
"189","Quan Cosby","WR","Texas","5-9",196,4.5,7.28,4.47,2009
"190","Michael Crabtree","WR","Texas Tech","6-1",215,4.54,NA,NA,2009
"191","Jarett Dillard","WR","Rice","5-10",191,4.5,7.1,4.41,2009
"192","Dominique Edison","WR","Stephen F. Austin","6-2",204,4.42,NA,4.18,2009
"193","Brooks Foster","WR","North Carolina","6-0",211,4.44,NA,NA,2009
"194","Brandon Gibson","WR","Washington State","6-0",210,4.59,NA,NA,2009
"195","Brian Hartline","WR","Ohio State","6-2",195,4.49,6.65,4.12,2009
"196","Percy Harvin","WR","Florida","5-11",192,4.39,NA,NA,2009
"197","Darrius Heyward-Bey","WR","Maryland","6-2",210,4.3,6.8,4.18,2009
"198","Juaquin Iglesias","WR","Oklahoma","6-1",210,4.44,NA,4.4,2009
"199","Taurus Johnson","WR","South Florida","6-0",206,4.49,7.37,4.24,2009
"200","Manuel Johnson","WR","Oklahoma","5-11",189,4.5,NA,NA,2009
"201","Aaron Kelly","WR","Clemson","6-4",204,4.49,7.25,4.45,2009
"202","Johnny Knox","WR","Abilene Christian","5-11",185,4.34,6.81,4.15,2009
"203","Quinten Lawrence","WR","McNeese State","6-0",184,4.4,NA,NA,2009
"204","Jeremy Maclin","WR","Missouri","6-0",198,4.43,NA,NA,2009
"205","Brennan Marion","WR","Tulsa","5-11",187,4.52,NA,NA,2009
"206","Mohamed Massaquoi","WR","Georgia","6-1",210,4.51,NA,NA,2009
"207","Kenny McKinley","WR","South Carolina","6-0",189,4.37,6.96,4.1,2009
"208","Andrew Means","WR","Indiana","6-1",214,4.36,6.85,4.21,2009
"209","Marko Mitchell","WR","Nevada","6-4",218,4.43,7.04,4.33,2009
"210","Louis Murphy","WR","Florida","6-2",203,4.32,NA,NA,2009
"211","Hakeem Nicks","WR","North Carolina","6-1",212,4.51,NA,NA,2009
"212","Jordan Norwood","WR","Penn State","5-11",179,4.58,6.8,4.2,2009
"213","Kevin Ogletree","WR","Virginia","6-0",196,4.36,6.67,4.08,2009
"214","Greg Orton","WR","Purdue","6-3",207,4.61,6.9,4.33,2009
"215","Darius Passmore","WR","Marshall","6-0",188,4.46,NA,NA,2009
"216","David Richmond","WR","San Jose State","6-2",197,4.59,NA,4.42,2009
"217","Brian Robiskie","WR","Ohio State","6-3",209,4.46,6.72,4.19,2009
"218","Sammie Stroughter","WR","Oregon State","5-9",189,4.45,7.03,4.28,2009
"219","Nate Swift","WR","Nebraska","6-1",203,4.63,6.78,4.24,2009
"220","Brandon Tate","WR","North Carolina","6-0",183,4.52,NA,NA,2009
"221","Mike Thomas","WR","Arizona","5-8",195,4.3,6.65,4.28,2009
"222","Patrick Turner","WR","USC","6-5",223,4.59,NA,NA,2009
"223","Tiquan Underwood","WR","Rutgers","6-1",184,4.31,6.62,4.11,2009
"224","Mike Wallace","WR","Mississippi","6-0",199,4.33,6.9,4.27,2009
"225","Jaison Williams","WR","Oregon","6-4",237,4.47,7.37,4.56,2009
"226","Derrick Williams","WR","Penn State","5-11",194,4.47,NA,NA,2009
"227","Seyi Ajirotutu","WR","Fresno State","6-3",204,4.6,7.22,4.39,2010
"228","Danario Alexander","WR","Missouri","6-5",215,4.62,NA,NA,2010
"229","Alric Arnett","WR","West Virginia","6-2",188,4.52,7.03,4.43,2010
"230","Brandon Banks","WR","Kansas State","5-7",149,4.37,6.88,4.29,2010
"231","Chris Bell","WR","Norfolk State","6-2",211,4.5,6.76,4.35,2010
"232","Arrelious Benn","WR","Illinois","6-1",219,4.57,NA,NA,2010
"233","Nyan Boateng","WR","California","6-1",204,4.66,7.35,4.69,2010
"234","Dezmon Briscoe","WR","Kansas","6-2",207,4.66,7.1,4.57,2010
"235","Antonio Brown","WR","Central Michigan","5-10",186,4.56,6.98,4.18,2010
"236","Dez Bryant","WR","Oklahoma State","6-2",225,4.52,NA,NA,2010
"237","Chris Carter","WR","California-Davis","5-11",191,4.49,NA,NA,2010
"238","Riley Cooper","WR","Florida","6-3",222,4.53,NA,NA,2010
"239","Eric Decker","WR","Minnesota","6-3",217,4.54,NA,NA,2010
"240","Marcus Easley","WR","Connecticut","6-3",210,4.39,6.94,4.6,2010
"241","Armanti Edwards","WR","Appalachian State","5-11",187,4.41,NA,NA,2010
"242","Jacoby Ford","WR","Clemson","5-9",186,4.28,7,4.44,2010
"243","David Gettis","WR","Baylor","6-3",217,4.43,6.94,4.41,2010
"244","Mardy Gilyard","WR","Cincinnati","6-0",187,4.61,6.92,4.4,2010
"245","Shay Hodge","WR","Mississippi","6-1",209,4.62,6.9,4.32,2010
"246","Trindon Holliday","WR","LSU","5-5",166,4.34,6.54,4.48,2010
"247","Donald Jones","WR","Youngstown State","6-0",214,4.46,6.9,4.2,2010
"248","Kevin Jurovich","WR","San Jose State","5-11",188,4.45,NA,NA,2010
"249","Brandon LaFell","WR","LSU","6-2",211,4.58,6.81,4.23,2010
"250","Scott Long","WR","Louisville","6-2",216,4.46,6.45,4.09,2010
"251","Dexter McCluster","WR","Mississippi","5-9",172,4.53,NA,4.06,2010
"252","Chris McGaha","WR","Arizona State","6-1",201,4.52,NA,4.21,2010
"253","Kerry Meier","WR","Kansas","6-2",224,4.62,NA,4.23,2010
"254","Carlton Mitchell","WR","South Florida","6-3",215,4.46,6.96,4.55,2010
"255","Preston Parker","WR","Florida State","5-11",199,4.59,NA,4.16,2010
"256","Jared Perry","WR","Missouri","6-1",178,4.51,6.75,4.39,2010
"257","Taylor Price","WR","Ohio","6-0",204,4.4,6.82,4.34,2010
"258","David Reed","WR","Utah","6-0",191,4.56,6.95,4.38,2010
"259","Andre Roberts","WR","Citadel","5-11",195,4.4,6.77,4.15,2010
"260","Emmanuel Sanders","WR","SMU","5-11",186,4.4,6.64,4.1,2010
"261","Jordan Shipley","WR","Texas","5-11",193,4.6,NA,NA,2010
"262","Golden Tate","WR","Notre Dame","5-10",199,4.42,7.12,4.34,2010
"263","Demaryius Thomas","WR","Georgia Tech","6-3",224,4.52,NA,NA,2010
"264","Verran Tucker","WR","California","6-2",200,4.65,NA,NA,2010
"265","Chastin West","WR","Fresno State","6-0",212,4.59,NA,NA,2010
"266","Blair White","WR","Michigan State","6-2",209,4.49,6.69,4.03,2010
"267","Jeremy Williams","WR","Tulane","6-0",206,4.59,6.73,NA,2010
"268","Damian Williams","WR","USC","6-1",197,4.52,6.79,4.24,2010
"269","Kyle Williams","WR","Arizona State","5-10",188,4.4,7,4.19,2010
"270","Mike Williams","WR","Syracuse","6-1",221,4.53,6.9,4.31,2010
"271","Stephen Williams","WR","Toledo","6-4",210,4.5,6.81,4.11,2010
"272","Ryan Wolfe","WR","UNLV","6-1",205,4.65,NA,NA,2010
"273","Darvin Adams","WR","Auburn","6-2",190,4.56,NA,NA,2011
"274","Jon Baldwin","WR","Pittsburgh","6-4",228,4.49,7.07,4.34,2011
"275","Armon Binns","WR","Cincinnati","6-3",209,4.5,6.86,4.31,2011
"276","DeAndre Brown","WR","Southern Miss","6-6",233,4.59,6.93,4.33,2011
"277","Vincent Brown","WR","San Diego State","5-11",187,4.68,6.64,4.25,2011
"278","Stephen Burton","WR","West Texas A&M","6-1",221,4.5,7.04,4.31,2011
"279","Randall Cobb","WR","Kentucky","5-10",191,4.46,7.08,4.34,2011
"280","Mark Dell","WR","Michigan State","6-0",193,4.54,NA,NA,2011
"281","Tandon Doss","WR","Indiana","6-2",201,4.62,NA,NA,2011
"282","Clyde Gates","WR","Abilene Christian","6-0",192,4.31,NA,NA,2011
"283","A.J. Green","WR","Georgia","6-4",211,4.48,6.91,4.21,2011
"284","Tori Gurley","WR","South Carolina","6-4",216,4.53,7.05,4.25,2011
"285","Jamel Hamler","WR","Fresno State","6-1",193,4.59,7.16,4.18,2011
"286","Leonard Hankerson","WR","Miami (FL)","6-1",209,4.4,6.94,4.21,2011
"287","Dwayne Harris","WR","East Carolina","5-10",203,4.53,6.77,4.21,2011
"288","Andre Holmes","WR","Hillsdale","6-4",210,4.51,6.69,4.31,2011
"289","Lestar Jean","WR","Florida Atlantic","6-3",215,4.61,7.45,4.43,2011
"290","Jerrel Jernigan","WR","Troy","5-9",185,4.46,7.07,4.25,2011
"291","Ronald Johnson","WR","USC","5-11",199,4.46,NA,NA,2011
"292","Julio Jones","WR","Alabama","6-3",220,4.34,6.66,4.25,2011
"293","Jeremy Kerley","WR","TCU","5-9",189,4.56,NA,NA,2011
"294","Greg Little","WR","North Carolina","6-2",231,4.51,6.8,4.21,2011
"295","Ricardo Lockette","WR","Fort Valley State","6-2",211,4.34,7.15,4.19,2011
"296","Jeff Maehl","WR","Oregon","6-1",190,4.56,6.42,3.94,2011
"297","Denarius Moore","WR","Tennessee","6-0",194,4.43,6.78,4.15,2011
"298","Joseph Morgan","WR","Michigan State","6-0",189,4.38,6.91,4.25,2011
"299","O.J. Murdock","WR","Fort Hays State","5-10",197,4.5,NA,4.37,2011
"300","Jamar Newsome","WR","Central Florida","6-0",200,4.46,6.83,4.22,2011
"301","Niles Paul","WR","Nebraska","6-1",224,4.45,6.9,4.14,2011
"302","Austin Pettis","WR","Boise State","6-3",209,4.56,6.68,3.88,2011
"303","Kealoha Pilares","WR","Hawaii","5-10",199,4.42,NA,NA,2011
"304","Aldrick Robinson","WR","SMU","5-10",184,4.35,6.65,4.09,2011
"305","Greg Salas","WR","Hawaii","6-1",210,4.53,6.65,4.1,2011
"306","DeMarco Sampson","WR","San Diego State","6-2",204,4.41,NA,NA,2011
"307","Jock Sanders","WR","West Virginia","5-6",181,4.5,6.78,4.13,2011
"308","Dane Sanzenbacher","WR","Ohio State","5-11",182,4.56,6.46,3.97,2011
"309","Cecil Shorts","WR","Mount Union","6-0",205,4.5,6.5,4.07,2011
"310","Keith Smith","WR","San Jose State","6-2",214,4.65,NA,NA,2011
"311","Torrey Smith","WR","Maryland","6-1",204,4.41,6.72,4.13,2011
"312","Owen Spencer","WR","North Carolina State","6-2",195,4.51,6.86,4.18,2011
"313","Terrence Toliver","WR","LSU","6-3",212,4.52,6.48,4.03,2011
"314","Terrance Turner","WR","Indiana","6-2",220,4.53,6.77,4.15,2011
"315","Ryan Whalen","WR","Stanford","6-1",202,4.53,6.67,4.09,2011
"316","Marshall Williams","WR","Wake Forest","6-1",188,4.56,6.61,4.09,2011
"317","Jimmy Young","WR","TCU","6-0",204,4.5,7.08,4.18,2011
"318","Titus Young","WR","Boise State","5-11",174,4.43,NA,NA,2011
"319","Joe Adams","WR","Arkansas","5-11",179,4.51,7.09,NA,2012
"320","Tim Benford","WR","Tennessee Tech","5-11",205,4.51,NA,NA,2012
"321","Travis Benjamin","WR","Miami (FL)","5-10",172,4.31,NA,NA,2012
"322","Justin Blackmon","WR","Oklahoma State","6-1",207,4.46,NA,NA,2012
"323","Jarrett Boykin","WR","Virginia Tech","6-2",217,4.62,7.12,4.28,2012
"324","LaVon Brazill","WR","Ohio","5-11",192,4.43,NA,NA,2012
"325","Ryan Broyles","WR","Oklahoma","5-10",192,4.57,NA,NA,2012
"326","Greg Childs","WR","Arkansas","6-3",219,4.52,NA,NA,2012
"327","Danny Coale","WR","Virginia Tech","6-0",201,4.42,6.69,4.15,2012
"328","Josh Cooper","WR","Oklahoma State","5-11",190,4.65,NA,NA,2012
"329","Juron Criner","WR","Arizona","6-2",224,4.66,7.15,4.3,2012
"330","B.J. Cunningham","WR","Michigan State","6-1",211,4.52,7.1,NA,2012
"331","Patrick Edwards","WR","Houston","5-9",172,4.57,NA,NA,2012
"332","Michael Floyd","WR","Notre Dame","6-3",220,4.4,NA,NA,2012
"333","Jeff Fuller","WR","Texas A&M","6-4",223,4.53,NA,NA,2012
"334","Chris Givens","WR","Wake Forest","5-11",198,4.35,6.97,4.23,2012
"335","T.J. Graham","WR","North Carolina State","5-11",188,4.34,6.77,4.18,2012
"336","Darius Hanks","WR","Alabama","6-0",184,4.52,NA,NA,2012
"337","Junior Hemingway","WR","Michigan","6-1",225,4.48,6.59,3.98,2012
"338","Stephen Hill","WR","Georgia Tech","6-4",215,4.36,6.88,4.48,2012
"339","T.Y. Hilton","WR","Florida International","5-9",183,4.34,NA,NA,2012
"340","Jerrell Jackson","WR","Missouri","6-0",196,4.5,6.82,4.11,2012
"341","Alshon Jeffery","WR","South Carolina","6-3",216,4.48,NA,NA,2012
"342","A.J. Jenkins","WR","Illinois","6-0",190,4.37,NA,NA,2012
"343","Dwight Jones","WR","North Carolina","6-3",230,4.51,NA,NA,2012
"344","Marvin Jones","WR","California","6-2",199,4.46,6.81,4.11,2012
"345","Jermaine Kearse","WR","Washington","6-1",209,4.5,7.03,4.12,2012
"346","Keshawn Martin","WR","Michigan State","5-11",188,4.42,6.85,4.13,2012
"347","Rishard Matthews","WR","Nevada","6-0",217,4.54,6.88,4.19,2012
"348","Marquis Maze","WR","Alabama","5-8",186,4.51,NA,NA,2012
"349","Marvin McNutt","WR","Iowa","6-3",216,4.48,7.15,4.07,2012
"350","Kashif Moore","WR","Connecticut","5-9",180,4.36,6.82,4.05,2012
"351","Derek Moye","WR","Penn State","6-4",209,4.46,NA,4.23,2012
"352","Chris Owusu","WR","Stanford","6-0",196,4.36,6.85,4.11,2012
"353","Eric Page","WR","Toledo","5-9",186,4.5,6.95,3.98,2012
"354","DeVier Posey","WR","Ohio State","6-2",211,4.39,7.03,4.15,2012
"355","Brian Quick","WR","Appalachian State","6-3",220,4.5,7.1,4.23,2012
"356","Rueben Randle","WR","LSU","6-3",210,4.55,6.99,4.36,2012
"357","Gerell Robinson","WR","Arizona State","6-3",227,4.54,NA,4.15,2012
"358","James Rodgers","WR","Oregon State","5-7",184,4.61,NA,4.23,2012
"359","Mohamed Sanu","WR","Rutgers","6-1",211,4.62,6.88,4.22,2012
"360","Tommy Streeter","WR","Miami (FL)","6-5",219,4.37,7.08,NA,2012
"361","Nick Toon","WR","Wisconsin","6-2",215,4.49,NA,NA,2012
"362","Jordan White","WR","West. Michigan","6-0",208,4.63,6.84,4.13,2012
"363","Jarius Wright","WR","Arkansas","5-10",182,4.39,6.93,4.03,2012
"364","Kendall Wright","WR","Baylor","5-10",196,4.49,6.93,4.18,2012
"365","Devon Wylie","WR","Fresno State","5-9",187,4.36,NA,NA,2012
"366","Keenan Allen","WR","California","6-2",206,4.58,NA,NA,2013
"367","Tavon Austin","WR","West Virginia","5-8",174,4.34,NA,4.01,2013
"368","Stedman Bailey","WR","West Virginia","5-10",193,4.52,6.81,4.09,2013
"369","Alan Bonner","WR","Jacksonville State","5-10",193,4.59,NA,4.15,2013
"370","Josh Boyce","WR","TCU","5-11",206,4.38,6.68,4.1,2013
"371","Marlon Brown","WR","Georgia","6-4",213,4.63,NA,NA,2013
"372","Marcus Davis","WR","Virginia Tech","6-3",233,4.56,7.15,NA,2013
"373","Aaron Dobson","WR","Marshall","6-3",210,4.37,NA,NA,2013
"374","Corey Fuller","WR","Virginia Tech","6-2",204,4.43,NA,NA,2013
"375","Tyrone Goard","WR","East. Kentucky","6-4",205,4.5,6.9,4.39,2013
"376","Marquise Goodwin","WR","Texas","5-9",183,4.27,NA,NA,2013
"377","Cobi Hamilton","WR","Arkansas","6-2",212,4.56,NA,4.31,2013
"378","Chris Harper","WR","Kansas State","6-1",229,4.55,6.89,4.39,2013
"379","Mark Harrison","WR","Rutgers","6-3",231,4.46,6.99,4.33,2013
"380","DeAndre Hopkins","WR","Clemson","6-1",214,4.57,NA,4.5,2013
"381","Justin Hunter","WR","Tennessee","6-4",196,4.44,NA,4.33,2013
"382","Darius Johnson","WR","SMU","5-9",179,4.6,NA,4.53,2013
"383","Brandon Kaufman","WR","East. Washington","6-5",216,4.67,7.11,4.44,2013
"384","Tavarres King","WR","Georgia","6-0",189,4.47,6.91,4.33,2013
"385","Alec Lemon","WR","Syracuse","6-1",202,4.59,7.04,4.29,2013
"386","Aaron Mellette","WR","Elon","6-2",217,4.54,7.11,4.41,2013
"387","T.J. Moe","WR","Missouri","5-11",204,4.74,6.53,3.96,2013
"388","Cordarrelle Patterson","WR","Tennessee","6-2",216,4.42,NA,NA,2013
"389","Quinton Patton","WR","Louisiana Tech","6-0",204,4.53,6.91,4.01,2013
"390","Denard Robinson","WR","Michigan","5-10",199,4.43,7.09,4.22,2013
"391","Da'Rick Rogers","WR","Tennessee Tech","6-2",217,4.5,6.71,4.06,2013
"392","Lanear Sampson","WR","Baylor","5-11",204,4.46,7.1,4.38,2013
"393","Ace Sanders","WR","South Carolina","5-7",173,4.58,6.81,4.37,2013
"394","Rodney Smith","WR","Florida State","6-4",225,4.51,7.03,4.07,2013
"395","Ryan Spadola","WR","Lehigh","6-1",204,4.48,6.72,4.07,2013
"396","Kenny Stills","WR","Oklahoma","6-0",194,4.38,NA,4.35,2013
"397","Ryan Swope","WR","Texas A&M","6-0",205,4.34,6.76,4.25,2013
"398","Kenbrell Thompkins","WR","Cincinnati","6-1",193,4.54,6.88,4.21,2013
"399","Conner Vernon","WR","Duke","6-0",196,4.68,6.93,4.22,2013
"400","Markus Wheaton","WR","Oregon State","5-11",189,4.45,6.8,4.02,2013
"401","Terrance Williams","WR","Baylor","6-2",208,4.52,7.01,4.32,2013
"402","Marquess Wilson","WR","Washington State","6-3",194,4.51,6.65,4.33,2013
"403","Robert Woods","WR","USC","6-0",201,4.51,7.15,4.47,2013
"404","Jared Abbrederis","WR","Wisconsin","6-1",195,4.5,6.8,4.08,2014
"405","Davante Adams","WR","Fresno State","6-1",212,4.56,6.82,4.3,2014
"406","Dri Archer","WR","Kent State","5-8",173,4.26,6.86,4.06,2014
"407","Kelvin Benjamin","WR","Florida State","6-5",240,4.61,7.33,4.39,2014
"408","Chris Boyd","WR","Vanderbilt","6-4",206,4.73,NA,NA,2014
"409","John Brown","WR","Pittsburg State","5-10",179,4.34,6.91,4.12,2014
"410","Corey Brown","WR","Ohio State","5-11",178,4.51,7.16,4.22,2014
"411","Martavis Bryant","WR","Clemson","6-4",211,4.42,7.18,4.15,2014
"412","Isaiah Burse","WR","Fresno State","5-10",188,4.58,6.74,3.94,2014
"413","Trey Burton","WR","Florida","6-2",224,4.62,7.14,4.32,2014
"414","Michael Campanaro","WR","Wake Forest","5-9",192,4.46,6.77,4.01,2014
"415","Brandon Coleman","WR","Rutgers","6-6",225,4.56,7.33,4.51,2014
"416","Kain Colter","WR","Northwestern","5-10",198,4.71,NA,NA,2014
"417","Brandin Cooks","WR","Oregon State","5-10",189,4.33,6.76,3.81,2014
"418","Damian Copeland","WR","Louisville","5-11",184,4.5,6.53,3.9,2014
"419","Mike Davis","WR","Texas","6-0",197,4.52,NA,NA,2014
"420","Bruce Ellington","WR","South Carolina","5-9",197,4.45,6.69,3.95,2014
"421","Quincy Enunwa","WR","Nebraska","6-2",225,4.41,NA,NA,2014
"422","Mike Evans","WR","Texas A&M","6-5",231,4.53,7.08,4.26,2014
"423","Shaquelle Evans","WR","UCLA","6-1",213,4.51,7.07,4.21,2014
"424","Bennie Fowler","WR","Michigan State","6-1",217,4.52,7.06,4.18,2014
"425","Austin Franklin","WR","New Mexico State","5-11",189,4.56,7.07,4.33,2014
"426","Jeremy Gallon","WR","Michigan","5-7",185,4.49,NA,NA,2014
"427","Ryan Grant","WR","Tulane","6-0",199,4.64,6.68,4.11,2014
"428","Matt Hazel","WR","Coastal Carolina","6-1",198,4.5,7.08,4.2,2014
"429","Robert Herron","WR","Wyoming","5-9",193,4.48,6.84,4.27,2014
"430","Cody Hoffman","WR","BYU","6-4",223,4.65,6.89,4.2,2014
"431","Josh Huff","WR","Oregon","5-11",206,4.51,NA,NA,2014
"432","Allen Hurns","WR","Miami (FL)","6-1",198,4.55,7.23,4.5,2014
"433","Jeff Janis","WR","Saginaw Valley State","6-3",219,4.42,6.64,3.98,2014
"434","T.J. Jones","WR","Notre Dame","6-0",188,4.46,6.82,4.27,2014
"435","Odell Beckham, Jr.","WR","LSU","5-11",198,4.38,6.69,3.94,2014
"436","Jarvis Landry","WR","LSU","5-11",205,4.65,NA,NA,2014
"437","Cody Latimer","WR","Indiana","6-2",215,4.52,NA,NA,2014
"438","Marqise Lee","WR","USC","6-0",192,4.52,NA,4.01,2014
"439","Marcus Lucas","WR","Missouri","6-4",218,4.6,7.07,4.25,2014
"440","Jordan Matthews","WR","Vanderbilt","6-3",212,4.46,6.95,4.18,2014
"441","Donte Moncrief","WR","Mississippi","6-2",221,4.4,7.02,4.3,2014
"442","Kevin Norwood","WR","Alabama","6-2",198,4.48,6.68,4.32,2014
"443","Tevin Reese","WR","Baylor","5-10",163,4.46,6.63,4.18,2014
"444","Paul Richardson","WR","Colorado","6-0",175,4.4,7.09,NA,2014
"445","Allen Robinson","WR","Penn State","6-3",220,4.6,7,4,2014
"446","Jalen Saunders","WR","Oklahoma","5-9",165,4.44,NA,NA,2014
"447","Willie Snead","WR","Ball State","5-11",195,4.62,7.19,4.39,2014
"448","Josh Stewart","WR","Oklahoma State","5-10",178,4.69,7.1,4.33,2014
"449","Devin Street","WR","Pittsburgh","6-3",198,4.55,6.89,4.01,2014
"450","L'Damian Washington","WR","Missouri","6-4",195,4.46,7.19,4.35,2014
"451","Sammy Watkins","WR","Clemson","6-1",211,4.43,6.95,4.34,2014
"452","Albert Wilson","WR","Georgia State","5-9",202,4.43,7,4.21,2014
"453","Nelson Agholor","WR","USC","6-0",198,4.42,NA,NA,2015
"454","Mario Alford","WR","West Virginia","5-8",180,4.43,6.64,4.07,2015
"455","Dres Anderson","WR","Utah","6-1",187,4.54,NA,NA,2015
"456","Kenny Bell","WR","Nebraska","6-1",197,4.42,6.66,4.15,2015
"457","Da'Ron Brown","WR","Northern Illinois","6-0",205,4.54,7.04,4.11,2015
"458","Kaelin Clay","WR","Utah","5-10",195,4.51,6.97,4.26,2015
"459","Sammie Coates","WR","Auburn","6-1",212,4.43,6.98,4.06,2015
"460","Chris Conley","WR","Georgia","6-2",213,4.35,7.06,4.3,2015
"461","Amari Cooper","WR","Alabama","6-1",211,4.42,6.71,3.98,2015
"462","Jamison Crowder","WR","Duke","5-8",185,4.56,7.17,4.32,2015
"463","DaVaris Daniels","WR","Notre Dame","6-1",201,4.62,NA,NA,2015
"464","Devante Davis","WR","UNLV","6-3",220,4.57,7.25,4.12,2015
"465","Geremy Davis","WR","Connecticut","6-2",216,4.49,6.86,4.18,2015
"466","Titus Davis","WR","Central Michigan","6-1",196,4.51,7.14,4.28,2015
"467","Stefon Diggs","WR","Maryland","6-0",195,4.46,7.03,4.32,2015
"468","Phillip Dorsett","WR","Miami (FL)","5-10",185,4.33,6.7,4.11,2015
"469","Devin Funchess","WR","Michigan","6-4",232,4.7,NA,NA,2015
"470","Antwan Goodley","WR","Baylor","5-10",209,4.44,NA,NA,2015
"471","Dorial Green-Beckham","WR","Oklahoma","6-5",237,4.49,6.89,4.45,2015
"472","Rashad Greene","WR","Florida State","5-11",182,4.53,6.88,4.12,2015
"473","Rannell Hall","WR","Central Florida","6-0",198,4.6,6.86,4.15,2015
"474","Justin Hardy","WR","East Carolina","5-10",192,4.56,6.63,4.21,2015
"475","Josh Harper","WR","Fresno State","6-1",191,4.64,7.15,4.36,2015
"476","Chris Jones","WR","Alabama","5-10",182,4.63,6.91,4.19,2015
"477","Dez Lewis","WR","Central Arkansas","6-4",214,4.58,7.11,4.28,2015
"478","Tony Lippett","WR","Michigan State","6-2",192,4.61,6.92,4.13,2015
"479","Tyler Lockett","WR","Kansas State","5-10",182,4.4,6.89,4.07,2015
"480","Deon Long","WR","Maryland","6-0",192,4.51,6.98,4.27,2015
"481","Donatella Luckett","WR","Harding","6-0",211,4.4,7.51,4.5,2015
"482","Vince Mayle","WR","Washington State","6-2",224,4.67,6.93,4.13,2015
"483","Tre McBride","WR","William & Mary","6-0",210,4.41,6.96,4.08,2015
"484","Ty Montgomery","WR","Stanford","6-0",221,4.55,6.97,4.21,2015
"485","Keith Mumphery","WR","Michigan State","6-0",215,4.54,7.07,4.25,2015
"486","J.J. Nelson","WR","Ala-Birmingham","5-10",156,4.28,7.02,4.15,2015
"487","DeVante Parker","WR","Louisville","6-3",209,4.45,NA,NA,2015
"488","Breshad Perriman","WR","Central Florida","6-2",212,NA,NA,NA,2015
"489","Ezell Ruffin","WR","San Diego State","6-0",218,4.68,7.35,4.58,2015
"490","Ross Scheuerman","WR","Lafayette","6-0",204,4.62,7.08,4.11,2015
"491","DeAndre Smelter","WR","Georgia Tech","6-2",226,4.52,NA,NA,2015
"492","Devin Smith","WR","Ohio State","6-0",196,4.42,NA,4.15,2015
"493","Jaelen Strong","WR","Arizona State","6-2",217,4.44,NA,NA,2015
"494","Darren Waller","WR","Georgia Tech","6-6",238,4.46,7.07,4.25,2015
"495","DeAndrew White","WR","Alabama","5-11",193,4.44,6.97,4.18,2015
"496","Kevin White","WR","West Virginia","6-3",215,4.35,6.92,4.14,2015
"497","Cam Worthy","WR","East Carolina","6-2",211,4.59,NA,NA,2015
"498","Bralon Addison","WR","Oregon","5-9",197,4.66,6.95,4.14,2016
"499","Geronimo Allison","WR","Illinois","6-3",196,4.67,7.4,4.28,2016
"500","Demarcus Ayers","WR","Houston","5-9",182,4.72,NA,NA,2016
"501","Tyler Boyd","WR","Pittsburgh","6-1",197,4.58,6.9,4.35,2016
"502","Chris Brown","WR","Notre Dame","6-2",194,4.48,NA,NA,2016
"503","Aaron Burbridge","WR","Michigan State","6-0",206,4.56,7.22,4.31,2016
"504","Devon Cajuste","WR","Stanford","6-4",234,4.62,6.49,4.2,2016
"505","Leonte Carroo","WR","Rutgers","6-0",211,4.5,NA,NA,2016
"506","Corey Coleman","WR","Baylor","5-11",194,4.42,NA,NA,2016
"507","Pharoh Cooper","WR","South Carolina","5-11",203,4.52,NA,NA,2016
"508","Cody Core","WR","Mississippi","6-3",205,4.47,NA,NA,2016
"509","Trevor Davis","WR","California","6-1",188,4.42,6.6,4.22,2016
"510","Josh Doctson","WR","TCU","6-2",202,4.5,6.84,4.08,2016
"511","D.J. Foster","WR","Arizona State","5-10",193,4.57,6.75,4.07,2016
"512","Will Fuller","WR","Notre Dame","6-0",186,4.32,6.93,4.27,2016
"513","Keyarris Garrett","WR","Tulsa","6-3",220,4.53,7.3,4.33,2016
"514","Rashard Higgins","WR","Colorado State","6-1",196,4.64,NA,NA,2016
"515","Johnny Holton","WR","Cincinnati","6-1",190,4.54,NA,NA,2016
"516","Cayleb Jones","WR","Arizona","6-3",209,4.65,6.99,4.14,2016
"517","Kenny Lawler","WR","California","6-2",203,4.64,7.13,4.2,2016
"518","Roger Lewis","WR","Bowling Green","6-0",201,4.57,NA,NA,2016
"519","Kolby Listenbee","WR","TCU","6-0",197,4.39,NA,NA,2016
"520","Ricardo Louis","WR","Auburn","6-2",215,4.43,NA,NA,2016
"521","Byron Marshall","WR","Oregon","5-9",201,4.42,NA,NA,2016
"522","Jalin Marshall","WR","Ohio State","5-10",200,4.6,6.8,4.13,2016
"523","Mekale McKay","WR","Cincinnati","6-4",207,4.55,7.08,4.63,2016
"524","Braxton Miller","WR","Ohio State","6-1",201,4.5,6.65,4.07,2016
"525","Malcolm Mitchell","WR","Georgia","6-0",198,4.45,6.94,4.34,2016
"526","Chris Moore","WR","Cincinnati","6-1",206,4.53,6.76,4.2,2016
"527","Marquez North","WR","Tennessee","6-2",223,4.48,6.9,4.13,2016
"528","Jordan Payton","WR","UCLA","6-1",207,4.47,7.08,4.33,2016
"529","Charone Peake","WR","Clemson","6-2",209,4.45,6.96,4.46,2016
"530","Demarcus Robinson","WR","Florida","6-1",203,4.59,6.77,4.19,2016
"531","Alonzo Russell","WR","Toledo","6-4",206,4.54,7.18,4.33,2016
"532","Rashawn Scott","WR","Miami (FL)","6-1",199,4.54,NA,NA,2016
"533","Hunter Sharp","WR","Utah State","5-11",198,4.58,7.12,4.19,2016
"534","Tajae Sharpe","WR","Massachusetts","6-2",194,4.55,NA,NA,2016
"535","Sterling Shepard","WR","Oklahoma","5-10",194,4.48,7,4.35,2016
"536","Nelson Spruce","WR","Colorado","6-1",206,4.69,7.09,4.2,2016
"537","Michael Thomas","WR","Ohio State","6-3",212,4.57,6.8,4.13,2016
"538","Laquon Treadwell","WR","Mississippi","6-2",221,4.52,NA,NA,2016
"539","Duke Williams","WR","Auburn","6-2",229,4.72,7.43,4.47,2016
"540","De'Runnya Wilson","WR","Mississippi State","6-5",224,4.85,NA,NA,2016
"541","Rodney Adams","WR","South Florida","6-1",189,4.44,6.98,4.28,2017
"542","Quincy Adeboyejo","WR","Mississippi","6-3",197,4.42,6.73,4.14,2017
"543","Kendrick Bourne","WR","East. Washington","6-1",203,4.68,6.73,4.21,2017
"544","Noah Brown","WR","Ohio State","6-2",222,NA,7.07,4.33,2017
"545","K.D. Cannon","WR","Baylor","5-11",182,4.41,NA,NA,2017
"546","Jehu Chesson","WR","Michigan","6-3",204,4.47,6.7,4.09,2017
"547","Stacy Coley","WR","Miami (FL)","6-1",195,4.45,NA,NA,2017
"548","Amara Darboh","WR","Michigan","6-2",214,4.45,NA,NA,2017
"549","Corey Davis","WR","West. Michigan","6-3",209,NA,NA,NA,2017
"550","Robert Davis","WR","Georgia State","6-3",219,4.44,6.82,4.28,2017
"551","Malachi Dupre","WR","LSU","6-2",196,4.52,7.19,4.26,2017
"552","Travin Dural","WR","LSU","6-1",202,4.57,7.29,4.55,2017
"553","Amba Etta-Tawo","WR","Syracuse","6-1",208,4.49,6.95,4.32,2017
"554","Isaiah Ford","WR","Virginia Tech","6-1",194,4.61,6.94,4.34,2017
"555","Shelton Gibson","WR","West Virginia","5-11",191,4.5,6.83,4.2,2017
"556","Chris Godwin","WR","Penn State","6-1",209,4.42,7.01,4,2017
"557","Kenny Golladay","WR","Northern Illinois","6-4",218,4.5,7,4.15,2017
"558","Chad Hansen","WR","California","6-2",202,4.53,6.74,4.13,2017
"559","Keon Hatcher","WR","Arkansas","6-1",212,4.64,NA,NA,2017
"560","Carlos Henderson","WR","Louisiana Tech","5-11",199,4.46,7.18,4.35,2017
"561","Mack Hollins","WR","North Carolina","6-4",221,4.53,NA,NA,2017
"562","Bug Howard","WR","North Carolina","6-4",221,4.58,6.95,4.14,2017
"563","Zay Jones","WR","East Carolina","6-2",201,4.45,6.79,4.01,2017
"564","Victor Bolden Jr.","WR","Oregon State","5-8",178,4.54,6.83,4.22,2017
"565","Greg Ward Jr.","WR","Houston","5-11",186,NA,NA,NA,2017
"566","Cooper Kupp","WR","East. Washington","6-2",204,4.62,6.75,4.08,2017
"567","Jerome Lane","WR","Akron","6-2",226,4.6,6.87,4.12,2017
"568","Keevan Lucas","WR","Tulsa","5-9",192,4.55,7.23,4.43,2017
"569","Josh Malone","WR","Tennessee","6-3",208,4.4,7.05,4.19,2017
"570","Gabe Marks","WR","Washington State","5-11",189,4.56,7.01,4.2,2017
"571","Isaiah McKenzie","WR","Georgia","5-7",173,4.42,6.64,4.15,2017
"572","Drew Morgan","WR","Arkansas","6-0",190,4.74,6.85,4.12,2017
"573","Speedy Noil","WR","Texas A&M","5-11",199,NA,NA,NA,2017
"574","Zach Pascal","WR","Old Dominion","6-2",219,4.55,7.11,4.29,2017
"575","James Quick","WR","Louisville","6-0",186,4.6,7,4.39,2017
"576","Michael Rector","WR","Stanford","6-0",193,4.42,6.77,4.19,2017
"577","Josh Reynolds","WR","Texas A&M","6-3",194,4.52,6.83,4.13,2017
"578","Jalen Robinette","WR","Air Force","6-3",220,4.62,6.77,4.46,2017
"579","Darreus Rogers","WR","USC","6-1",216,NA,7.22,4.54,2017
"580","Fred Ross","WR","Mississippi State","6-1",213,4.51,6.99,4.28,2017
"581","John Ross","WR","Washington","5-11",188,4.22,NA,NA,2017
"582","Travis Rudolph","WR","Florida State","6-0",189,4.65,6.93,4.46,2017
"583","Curtis Samuel","WR","Ohio State","5-11",196,4.31,7.09,4.33,2017
"584","Artavis Scott","WR","Clemson","5-10",193,4.61,7.19,4.49,2017
"585","Ricky Seals-Jones","WR","Texas A&M","6-5",243,4.69,7.46,4.33,2017
"586","JuJu Smith-Schuster","WR","USC","6-1",215,4.54,NA,NA,2017
"587","Jamari Staples","WR","Louisville","6-3",195,4.51,NA,NA,2017
"588","ArDarius Stewart","WR","Alabama","5-11",204,4.49,NA,NA,2017
"589","Ryan Switzer","WR","North Carolina","5-8",181,4.51,6.77,4,2017
"590","Taywan Taylor","WR","Western Kentucky","5-11",203,4.5,6.57,4.21,2017
"591","Trent Taylor","WR","Louisiana Tech","5-8",181,4.63,6.74,4.01,2017
"592","Noel Thomas","WR","Connecticut","6-0",205,4.63,NA,NA,2017
"593","Dede Westbrook","WR","Oklahoma","6-0",178,NA,NA,NA,2017
"594","Kermit Whitfield","WR","Florida State","5-8",185,4.44,7.17,4.37,2017
"595","Mike Williams","WR","Clemson","6-4",218,NA,NA,NA,2017
"596","Jesus Wilson","WR","Florida State","5-9",189,4.57,NA,4.57,2017
"597","Dante Pettis","WR","Washington","6-0",186,NA,NA,NA,2018
"598","Marcell Ateman","WR","Oklahoma State","6-4",216,4.62,7.07,4.25,2018
"599","Braxton Berrios","WR","Miami (FL)","5-9",184,NA,NA,NA,2018
"600","Equanimeous St. brown","WR","Notre Dame","6-5",214,4.48,NA,NA,2018
"601","Deontay Burnett","WR","USC","6-0",186,NA,NA,NA,2018
"602","Deon Cain","WR","Clemson","6-2",202,4.43,6.71,4.37,2018
"603","Antonio Callaway","WR","Florida","5-11",200,4.41,NA,NA,2018
"604","Dylan Cantrell","WR","Texas Tech","6-3",226,4.59,6.56,4.03,2018
"605","D.J. Chark","WR","LSU","6-3",199,4.34,NA,NA,2018
"606","Simmie Cobbs","WR","Indiana","6-3",220,4.64,6.7,4.32,2018
"607","Keke Coutee","WR","Texas Tech","5-10",181,4.43,6.93,4.15,2018
"608","Robert Foster","WR","Alabama","6-2",196,4.41,6.9,4.2,2018
"609","Michael Gallup","WR","Colorado State","6-1",205,4.51,6.95,4.37,2018
"610","Davon Grayson","WR","East Carolina","6-1",199,4.51,NA,NA,2018
"611","Daesean Hamilton","WR","Penn State","6-1",203,NA,6.84,4.15,2018
"612","Quadree Henderson","WR","Pittsburgh","5-8",192,4.5,6.89,4.28,2018
"613","Darren Carrington II","WR","Utah","6-2",199,NA,NA,NA,2018
"614","Richie James","WR","Middle Tennessee State","5-10",183,4.48,6.87,4.16,2018
"615","Christian Kirk","WR","Texas A&M","5-10",201,4.47,7.09,4.45,2018
"616","Chris Lacy","WR","Oklahoma State","6-3",205,4.51,NA,NA,2018
"617","Jordan Lasley","WR","UCLA","6-1",203,4.5,NA,4.19,2018
"618","Allen Lazard","WR","Iowa State","6-5",227,4.55,NA,NA,2018
"619","Tavares Martin","WR","Washington State","6-1",177,4.8,NA,NA,2018
"620","Ray-ray McCloud","WR","Clemson","5-9",190,4.53,NA,NA,2018
"621","Anthony Miller","WR","Memphis","5-11",201,NA,NA,NA,2018
"622","Steven Mitchell","WR","USC","5-10",189,4.56,6.75,4.4,2018
"623","Jmon Moore","WR","Missouri","6-3",207,4.6,6.56,4.04,2018
"624","D.J. Moore","WR","Maryland","6-0",210,4.42,6.95,4.07,2018
"625","Cam Phillips","WR","Virginia Tech","6-0",201,NA,NA,NA,2018
"626","Byron Pringle","WR","Kansas State","6-1",203,4.46,6.87,4.4,2018
"627","Trey Quinn","WR","SMU","5-11",203,4.55,6.91,4.19,2018
"628","Calvin Ridley","WR","Alabama","6-0",189,4.43,6.88,4.41,2018
"629","Korey Robertson","WR","Southern Miss","6-1",212,4.56,NA,NA,2018
"630","Jaleel Scott","WR","New Mexico State","6-5",218,4.56,7.2,4.4,2018
"631","Trequan Smith","WR","Central Florida","6-2",203,4.49,6.97,4.5,2018
"632","Courtland Sutton","WR","SMU","6-3",218,4.54,6.57,4.11,2018
"633","Auden Tate","WR","Florida State","6-5",228,4.68,NA,NA,2018
"634","Marquez Valdes-Scantling","WR","South Florida","6-4",206,4.37,NA,NA,2018
"635","James Washington","WR","Oklahoma State","5-11",213,4.54,7.11,4.32,2018
"636","Jester Weah","WR","Pittsburgh","6-2",211,4.43,7.24,4.41,2018
"637","Karaun White","WR","West Virginia","6-1",206,4.52,7.16,4.57,2018
"638","Jake Wieneke","WR","South Dakota State","6-4",221,4.67,7.24,4.37,2018
"639","Cedrick Wilson","WR","Boise State","6-2",197,4.55,6.89,4.23,2018
"640","Javon Wims","WR","Georgia","6-3",215,4.53,7,NA,2018
"641","J.J. Arcega-Whiteside","WR","Stanford","6-2",225,NA,NA,NA,2019
"642","Miles Boykin","WR","Notre Dame","6-4",220,4.42,6.77,4.07,2019
"643","Tyre Brady","WR","Marshall","6-3",211,NA,NA,4.25,2019
"644","A.J. Brown","WR","Mississippi","6-0",226,4.49,NA,NA,2019
"645","Marquise Brown","WR","Oklahoma","5-9",166,NA,NA,NA,2019
"646","Emmanuel Butler","WR","Northern Arizona","6-3",217,NA,NA,4.22,2019
"647","Hakeem Butler","WR","Iowa State","6-5",227,4.48,NA,NA,2019
"648","Parris Campbell","WR","Ohio State","6-0",205,4.31,NA,4.03,2019
"649","Jamal Custis","WR","Syracuse","6-4",214,4.5,NA,NA,2019
"650","Felton Davis","WR","Michigan State","6-3",211,NA,NA,NA,2019
"651","Ryan Davis","WR","Auburn","5-10",189,NA,7.09,4.23,2019
"652","Johnnie Dixon","WR","Ohio State","5-10",201,4.41,NA,4.43,2019
"653","Greg Dortch","WR","Wake Forest","5-7",173,NA,NA,NA,2019
"654","Keelan Doss","WR","UC Davis","6-2",211,NA,NA,NA,2019
"655","Ashton Dulin","WR","Malone University (Ohio)","6-1",215,4.43,7,4.22,2019
"656","Jovon Durante","WR","Florida Atlantic","5-11",160,4.55,7,4.31,2019
"657","Jazz Ferguson","WR","Northwestern St. (LA)","6-5",227,4.45,7.25,4.59,2019
"658","Travis Fulgham","WR","Old Dominion","6-2",215,4.58,NA,NA,2019
"659","Terry Godwin","WR","Georgia","5-11",184,4.55,6.96,NA,2019
"660","Emanuel Hall","WR","Missouri","6-2",201,4.39,NA,NA,2019
"661","Mecole Hardman","WR","Georgia","5-10",187,4.33,NA,NA,2019
"662","Kelvin Harmon","WR","North Carolina State","6-2",221,4.6,7.15,4.32,2019
"663","N'Keal Harry","WR","Arizona State","6-2",228,4.53,NA,NA,2019
"664","Lil'Jordan Humphrey","WR","Texas","6-4",210,4.75,7.09,4.29,2019
"665","Jalen Hurd","WR","Baylor","6-5",226,NA,NA,NA,2019
"666","Andy Isabella","WR","Massachusetts","5-9",188,4.31,6.95,4.15,2019
"667","Gary Jennings","WR","West Virginia","6-1",214,4.42,7.32,4.15,2019
"668","Anthony Johnson","WR","Buffalo","6-2",209,NA,7.12,NA,2019
"669","Diontae Johnson","WR","Toledo","5-10",183,4.53,7.09,4.45,2019
"670","Keesean Johnson","WR","Fresno State","6-1",201,4.6,7.28,4.23,2019
"671","Bisi Johnson","WR","Colorado State","6-0",204,4.51,6.88,4.16,2019
"672","Damarkus Lodge","WR","Mississippi","6-2",202,4.55,7.06,4.53,2019
"673","Terry McLaurin","WR","Ohio State","6-0",208,4.35,7.01,4.15,2019
"674","D.K. Metcalf","WR","Mississippi","6-3",228,4.33,7.38,4.5,2019
"675","Jakobi Meyers","WR","North Carolina State","6-2",203,4.63,7.07,4.23,2019
"676","Dillon Mitchell","WR","Oregon","6-1",197,4.46,NA,4.29,2019
"677","Stanley Morgan","WR","Nebraska","6-0",202,4.53,6.78,4.13,2019
"678","Nyqwan Murray","WR","Florida State","5-10",191,4.63,7.2,4.4,2019
"679","Hunter Renfrow","WR","Clemson","5-10",184,4.59,6.8,4.19,2019
"680","Riley Ridley","WR","Georgia","6-1",199,4.58,7.22,4.28,2019
"681","Deebo Samuel","WR","South Carolina","5-11",214,4.48,7.03,4.14,2019
"682","David Sills","WR","West Virginia","6-3",211,4.57,6.97,4.28,2019
"683","Darius Slayton","WR","Auburn","6-1",190,4.39,7,4.15,2019
"684","Jaylen Smith","WR","Louisville","6-2",219,4.47,7.55,4.48,2019
"685","Cody Thompson","WR","Toledo","6-1",205,4.57,6.87,4.03,2019
"686","Jamarius Way","WR","South Alabama","6-3",215,4.63,NA,4.66,2019
"687","Alex Wesley","WR","Northern Colorado","6-0",190,4.45,7.4,4.44,2019
"688","Antoine Wesley","WR","Texas Tech","6-4",206,NA,7.07,4.26,2019
"689","Brandon Aiyuk","WR","Arizona State","6-0",205,4.5,NA,NA,2020
"690","Omar Bayless","WR","Arkansas State","6-1",212,4.62,7.35,4.5,2020
"691","Lynn Bowden","WR","Kentucky","5-11",204,NA,NA,NA,2020
"692","Tony Brown","WR","Colorado","6-1",198,4.65,7.21,4.27,2020
"693","Lawrence Cager","WR","Georgia","6-5",220,NA,NA,NA,2020
"694","Marquez Callaway","WR","Tennessee","6-1",205,4.55,NA,NA,2020
"695","Quintez Cephus","WR","Wisconsin","6-1",202,4.73,7.2,4.33,2020
"696","Chase Claypool","WR","Notre Dame","6-4",238,4.42,NA,NA,2020
"697","Tyrie Cleveland","WR","Florida","6-2",209,4.46,NA,NA,2020
"698","Isaiah Coulter","WR","Rhode Island","6-2",198,4.45,7.28,4.62,2020
"699","Gabriel Davis","WR","UCF","6-2",216,4.54,7.08,4.59,2020
"700","Quartney Davis","WR","Texas A&M","6-1",201,4.54,NA,NA,2020
"701","Devin Duvernay","WR","Texas","5-10",200,4.39,7.13,4.2,2020
"702","Bryan Edwards","WR","South Carolina","6-3",212,NA,NA,NA,2020
"703","Chris Finke","WR","Notre Dame","5-9",186,4.57,NA,NA,2020
"704","Aaron Fuller","WR","Washington","5-11",188,4.59,7.14,NA,2020
"705","Antonio Gandy-Golden","WR","Liberty","6-4",223,4.6,7.33,4.55,2020
"706","Antonio Gibson","WR","Memphis","6-0",228,4.39,NA,NA,2020
"707","Stephen Guidry","WR","Mississippi State","6-3",201,4.47,7.31,4.46,2020
"708","KJ Hamler","WR","Penn State","5-9",178,NA,NA,NA,2020
"709","Tee Higgins","WR","Clemson","6-4",216,NA,NA,NA,2020
"710","John Hightower","WR","Boise State","6-1",189,4.43,7.07,4.21,2020
"711","K.J. Hill","WR","Ohio State","6-0",196,4.6,NA,NA,2020
"712","Isaiah Hodgins","WR","Oregon State","6-4",210,4.61,7.01,4.12,2020
"713","Henry Ruggs III","WR","Alabama","5-11",188,4.27,NA,NA,2020
"714","Trishton Jackson","WR","Syracuse","6-1",197,4.5,NA,NA,2020
"715","Justin Jefferson","WR","LSU","6-1",202,4.43,NA,NA,2020
"716","Van Jefferson","WR","Florida","6-1",200,NA,NA,NA,2020
"717","Jauan Jennings","WR","Tennessee","6-3",215,4.72,NA,NA,2020
"718","Jerry Jeudy","WR","Alabama","6-1",193,4.45,NA,4.53,2020
"719","Collin Johnson","WR","Texas","6-6",222,NA,NA,NA,2020
"720","Juwan Johnson","WR","Oregon","6-4",230,4.58,6.94,4.37,2020
"721","Tyler Johnson","WR","Minnesota","6-1",206,NA,NA,NA,2020
"722","Laviska Shenault Jr.","WR","Colorado","6-1",227,4.58,NA,NA,2020
"723","CeeDee Lamb","WR","Oklahoma","6-2",198,4.5,NA,NA,2020
"724","Kalija Lipscomb","WR","Vanderbilt","6-0",207,4.57,NA,NA,2020
"725","Austin Mack","WR","Ohio State","6-1",208,4.59,NA,4.42,2020
"726","Denzel Mims","WR","Baylor","6-3",207,4.38,6.66,4.43,2020
"727","Darnell Mooney","WR","Tulane","5-10",176,4.38,NA,NA,2020
"728","K.J. Osborn","WR","Miami","5-11",203,4.48,7,4.35,2020
"729","Aaron Parker","WR","Rhode Island","6-2",209,4.57,6.94,4.23,2020
"730","Dezmon Patmon","WR","Washington State","6-4",225,4.48,7.28,4.38,2020
"731","Donovan Peoples-Jones","WR","Michigan","6-2",212,4.48,NA,NA,2020
"732","Malcolm Perry","WR","Navy","5-9",186,4.63,7.12,4.31,2020
"733","Michael Pittman","WR","USC","6-4",223,4.52,6.96,4.14,2020
"734","James Proche","WR","SMU","5-11",201,NA,7.27,4.4,2020
"735","Jalen Reagor","WR","TCU","5-11",206,4.47,7.31,4.46,2020
"736","Joe Reed","WR","Virginia","6-0",224,4.47,NA,NA,2020
"737","Kendrick Rogers","WR","Texas A&M","6-4",208,4.51,7.13,4.48,2020
"738","Darrell Stewart","WR","Michigan State","6-0",212,NA,NA,NA,2020
"739","Freddie Swain","WR","Florida","6-0",197,4.46,7.05,4.26,2020
"740","Jeff Thomas","WR","Miami","5-9",170,4.45,NA,NA,2020
"741","Ben Victor","WR","Ohio State","6-4",198,4.6,7.1,NA,2020
"742","Quez Watkins","WR","Southern Miss","6-0",185,4.35,7.28,4.36,2020
"743","Cody White","WR","Michigan State","6-3",217,4.66,7.19,4.52,2020
"744","Jonathan Adams","WR","Arkansas St.","6-2",210,4.59,7.04,4.38,2021
"745","Tutu Atwell","WR","Louisville","5-8",155,4.42,6.89,4.14,2021
"746","Kawaan Baker","WR","South Alabama","6-0",210,4.44,7.42,4.41,2021
"747","Rashod Bateman","WR","Minnesota","6-0",190,4.39,NA,NA,2021
"748","Tarik Black","WR","Texas","6-2",213,4.54,6.91,4.26,2021
"749","Josh Blancato","WR","Georgia Tech","5-9",182,4.55,6.9,4.31,2021
"750","Dyami Brown","WR","North Carolina","6-0",189,4.46,6.87,4.35,2021
"751","Amon-Ra St. Brown","WR","USC","5-11",197,4.51,6.88,4.17,2021
"752","Jalen Camp","WR","Georgia Tech","6-1",226,4.48,7,4.14,2021
"753","Ja'Marr Chase","WR","LSU","6-0",201,4.34,6.96,3.99,2021
"754","Ramaud Chiaokhiao-Bowman","WR","Northwestern","6-1",204,4.78,6.78,4.2,2021
"755","Nico Collins","WR","Michigan","6-4",215,4.43,6.78,4.29,2021
"756","Damonte Coxie","WR","Memphis","6-2",198,4.77,6.92,4.45,2021
"757","Frank Darby","WR","Arizona St.","6-0",201,4.56,7.05,4.25,2021
"758","Jaelon Darden","WR","North Texas","5-7",174,4.47,6.66,3.98,2021
"759","DeVontres Dukes","WR","South Florida","6-3",216,4.81,7.07,4.41,2021
"760","Brennan Eagles","WR","Texas","6-3",225,4.55,6.93,4.42,2021
"761","D'Wayne Eskridge","WR","West. Michigan","5-8",190,4.38,6.93,4.22,2021
"762","Simi Fehoko","WR","Stanford","6-3",222,4.44,6.78,4.26,2021
"763","Dez Fitzpatrick","WR","Louisville","6-1",208,4.43,7.09,4.26,2021
"764","Bailey Gaither","WR","San Jose St.","6-0",188,4.45,7.07,4.39,2021
"765","Trevon Grimes","WR","Florida","6-4",220,4.49,6.98,4.28,2021
"766","Adrian Hardy","WR","Louisiana Tech","6-1",205,4.61,6.96,4.5,2021
"767","Jacob Harris","WR","Central Florida","6-5",219,4.39,6.54,4.31,2021
"768","Jaylen Harris","WR","Ohio St.","5-8",170,4.77,7.37,4.5,2021
"769","Damon Hazelton","WR","Missouri","",NA,4.6,NA,NA,2021
"770","Josh Imatorbhebhe","WR","Illinois","6-0",218,4.53,7.1,4.38,2021
"771","Warren Jackson","WR","Colorado St.","6-6",219,4.68,7.81,4.53,2021
"772","Johnathon Johnson","WR","Missouri","",NA,NA,NA,NA,2021
"773","Terrace Marshall Jr.","WR","LSU","6-2",205,4.4,NA,NA,2021
"774","Adam Krumholz","WR","Wisconsin","6-0",193,4.6,7.03,4.28,2021
"775","Riley Lees","WR","Northwestern","5-11",192,4.47,6.78,4.16,2021
"776","Branden Mack","WR","Temple","6-5",217,4.66,7.13,4.37,2021
"777","Khalil McClain","WR","Troy","6-2",214,4.7,7.72,4.5,2021
"778","Isaiah McKoy","WR","Kent St.","6-2",200,4.68,7.09,4.36,2021
"779","Racey McMath","WR","LSU","6-2",217,4.36,7.38,4.38,2021
"780","Dax Milne","WR","BYU","",NA,4.54,NA,4.19,2021
"781","Elijah Moore","WR","Mississippi","",NA,4.35,6.63,4.07,2021
"782","Rondale Moore","WR","Purdue","5-7",180,4.28,6.65,4.06,2021
"783","Jonathan Nance","WR","Missouri","",NA,NA,NA,NA,2021
"784","Dazz Newsome","WR","North Carolina","5-10",190,4.59,7.38,4.38,2021
"785","Tre Nixon","WR","Central Florida","6-0",187,4.44,6.81,4.27,2021
"786","Antonio Nunn","WR","Buffalo","5-11",204,4.5,7.12,4.32,2021
"787","Whop Philyor","WR","Indiana","5-9",184,4.57,7.2,4.34,2021
"788","Cornell Powell","WR","Clemson","6-0",204,4.53,7.03,4.21,2021
"789","Blake Proehl","WR","East Carolina","6-1",186,4.47,7,4.06,2021
"790","Amari Rodgers","WR","Clemson","5-9",212,4.52,7.07,4.31,2021
"791","Anthony Schwartz","WR","Auburn","6-0",186,4.27,7.13,4.25,2021
"792","Ben Skowronek","WR","Notre Dame","6-2",220,NA,NA,NA,2021
"793","Brandon Smith","WR","Iowa","6-1",218,4.62,NA,NA,2021
"794","Ihmir Smith-Marsette","WR","Iowa","6-0",181,4.43,7,4.2,2021
"795","Marquez Stevenson","WR","Houston","5-10",180,4.48,6.76,4.14,2021
"796","Dillon Stoner","WR","Oklahoma St.","6-0",194,4.51,6.96,4.13,2021
"797","Eli Stove","WR","Auburn","5-11",194,4.54,7.34,4.4,2021
"798","Sage Surratt","WR","Wake Forest","6-2",209,4.66,NA,4.25,2021
"799","Tamorrion Terry","WR","Florida St.","6-2",207,4.44,7,4.53,2021
"800","Kadarius Toney","WR","Florida","5-11",193,4.39,6.88,4.25,2021
"801","Tyler Vaughns","WR","USC","6-1",190,4.62,7.13,4.36,2021
"802","Tre Walker","WR","San Jose St.","5-10",178,4.58,7.75,4.47,2021
"803","Tylan Wallace","WR","Oklahoma St.","5-11",194,4.48,6.97,4.25,2021
"804","Connor Wedington","WR","Stanford","6-0",196,4.47,6.66,4.07,2021
"805","Marlon Williams","WR","Central Florida","5-11",209,4.63,NA,4.57,2021
"806","Seth Williams","WR","Auburn","6-3",211,4.49,7.2,4.43,2021
"807","Calvin Austin","WR","Memphis","5-8",170,4.32,6.65,4.07,2022
"808","David Bell","WR","Purdue","6-1",212,4.65,7.14,4.57,2022
"809","Slade Bolden","WR","Alabama","5-11",193,4.66,NA,NA,2022
"810","Treylon Burks","WR","Arkansas","6-2",225,4.55,7.28,NA,2022
"811","Dai'Jean Dixon","WR","Nicholls St.","6-3",205,4.62,7.28,4.42,2022
"812","Jahan Dotson","WR","Penn St.","5-11",178,4.43,7.28,NA,2022
"813","Romeo Doubs","WR","Nevada","6-2",201,NA,NA,NA,2022
"814","Dontario Drummond","WR","Mississippi","6-1",215,4.65,NA,NA,2022
"815","Erik Ezukanma","WR","Texas Tech","6-2",209,NA,NA,4.38,2022
"816","Ty Fryfogle","WR","Indiana","6-1",204,4.53,NA,NA,2022
"817","Danny Gray","WR","SMU","6-0",186,4.33,NA,NA,2022
"818","Johnny Johnson III","WR","Oregon","6-0",197,4.6,7.21,4.54,2022
"819","Josh Johnson","WR","Tulsa","5-11",183,NA,NA,NA,2022
"820","Velus Jones","WR","Tennessee","6-0",204,4.31,NA,NA,2022
"821","Kevin Austin Jr.","WR","Notre Dame","6-2",200,4.43,6.71,4.15,2022
"822","Reggie Roberson Jr.","WR","SMU","5-11",192,NA,NA,NA,2022
"823","Drake London","WR","USC","6-4",219,NA,NA,NA,2022
"824","Bo Melton","WR","Rutgers","5-11",189,4.34,6.98,NA,2022
"825","John Metchie","WR","Alabama","5-11",187,NA,NA,NA,2022
"826","Skyy Moore","WR","Western Michigan","5-10",195,4.41,7.13,4.32,2022
"827","Jalen Nailor","WR","Michigan St.","5-11",186,4.5,7.03,4.28,2022
"828","Chris Olave","WR","Ohio St.","6-0",187,4.39,NA,NA,2022
"829","Kyle Philips","WR","UCLA","5-11",189,4.58,NA,NA,2022
"830","George Pickens","WR","Georgia","6-3",195,4.47,NA,NA,2022
"831","Alec Pierce","WR","Cincinnati","6-3",211,4.41,7.13,4.28,2022
"832","Makai Polk","WR","Mississippi St.","6-3",195,4.59,NA,4.36,2022
"833","Charleston Rambo","WR","Miami","6-1",177,4.57,NA,NA,2022
"834","Wan'Dale Robinson","WR","Kentucky","5-8",178,4.44,NA,NA,2022
"835","Justyn Ross","WR","Clemson","6-4",205,NA,NA,NA,2022
"836","Braylon Sanders","WR","Mississippi","6-0",194,4.48,NA,NA,2022
"837","Khalil Shakir","WR","Boise St.","6-0",196,4.43,7.28,4.21,2022
"838","Tyquan Thornton","WR","Baylor","6-2",181,4.28,NA,NA,2022
"839","Jalen Tolbert","WR","South Alabama","6-1",194,4.49,7.08,NA,2022
"840","Tr Turner","WR","Virginia Tech","6-1",184,4.51,7.45,4.53,2022
"841","Christian Watson","WR","North Dakota St.","6-4",208,4.36,NA,NA,2022
"842","Isaiah Weston","WR","Northern Iowa","6-4",214,4.42,NA,NA,2022
"843","Devon Williams","WR","Oregon","6-5",210,4.65,NA,NA,2022
"844","Jameson Williams","WR","Alabama","6-2",179,NA,NA,NA,2022
"845","Garrett Wilson","WR","Ohio St.","6-0",183,4.38,NA,4.36,2022
"846","Mike Woods","WR","Oklahoma","6-1",204,4.55,NA,NA,2022
"847","Jordan Addison","WR","USC","5-11",173,4.49,NA,NA,2023
"848","Ronnie Bell","WR","Michigan","6-0",191,4.54,6.98,4.15,2023
"849","Jake Bobo","WR","UCLA","6-4",206,NA,NA,NA,2023
"850","Kayshon Boutte","WR","LSU","5-11",195,4.5,NA,4.25,2023
"851","Jalen Brooks","WR","South Carolina","6-1",201,4.69,7.15,4.31,2023
"852","Jason Brownlee","WR","Southern Mississippi","6-2",198,4.59,NA,NA,2023
"853","Jacob Copeland","WR","Maryland","5-11",201,4.42,7.01,4.47,2023
"854","Derius Davis","WR","TCU","5-8",165,4.36,NA,4.38,2023
"855","Nathaniel Dell","WR","Houston","5-8",165,4.49,NA,NA,2023
"856","Demario Douglas","WR","Liberty","5-8",179,4.44,NA,4.29,2023
"857","Josh Downs","WR","North Carolina","5-9",171,4.48,NA,NA,2023
"858","Grant DuBose","WR","Charlotte","6-2",201,4.57,6.89,4.32,2023
"859","Zay Flowers","WR","Boston Col.","5-9",182,4.42,NA,NA,2023
"860","Bryce Ford-Wheaton","WR","West Virginia","6-4",221,4.38,6.97,4.15,2023
"861","Antoine Green","WR","North Carolina","6-2",199,4.47,6.99,4.27,2023
"862","Jadon Haselwood","WR","Arkansas","6-2",215,4.66,6.98,4.31,2023
"863","Malik Heath","WR","Mississippi","6-2",213,4.64,6.96,4.46,2023
"864","Elijah Higgins","WR","Stanford","6-3",235,4.54,7.01,NA,2023
"865","Xavier Hutchinson","WR","Iowa St.","6-2",203,4.53,6.91,4.35,2023
"866","Jalin Hyatt","WR","Tennessee","6-0",176,4.4,NA,NA,2023
"867","Andrei Iosivas","WR","Princeton","6-3",205,4.43,6.85,4.12,2023
"868","Kearis Jackson","WR","Georgia","5-11",196,4.55,NA,NA,2023
"869","Rakim Jarrett","WR","Maryland","6-0",192,4.44,NA,NA,2023
"870","Michael Jefferson","WR","Louisiana","6-4",199,4.56,7.03,4.56,2023
"871","Jaray Jenkins","WR","LSU","6-2",204,4.6,NA,NA,2023
"872","CJ Johnson","WR","East Carolina","6-2",224,NA,NA,NA,2023
"873","Quentin Johnston","WR","TCU","6-3",208,NA,NA,NA,2023
"874","Charlie Jones","WR","Purdue","5-11",175,4.43,NA,NA,2023
"875","Dontay Demus Jr.","WR","Maryland","6-3",212,4.57,NA,4.39,2023
"876","Malik Knowles","WR","Kansas St.","6-2",196,NA,NA,NA,2023
"877","Matt Landers","WR","Arkansas","6-4",200,4.37,NA,NA,2023
"878","Marvin Mims","WR","Oklahoma","5-11",183,4.38,6.9,NA,2023
"879","Jonathan Mingo","WR","Mississippi","6-2",220,4.46,NA,NA,2023
"880","Jalen Moreno-Cropper","WR","Fresno St.","5-11",172,4.4,NA,NA,2023
"881","Puka Nacua","WR","BYU","6-2",201,NA,NA,NA,2023
"882","Joseph Ngata","WR","Clemson","6-3",217,4.54,NA,NA,2023
"883","Trey Palmer","WR","Nebraska","6-0",192,4.33,NA,NA,2023
"884","A.T. Perry","WR","Wake Forest","6-4",198,4.47,NA,NA,2023
"885","Jayden Reed","WR","Michigan St.","5-11",187,4.45,NA,4.29,2023
"886","Rashee Rice","WR","SMU","6-1",204,4.51,NA,NA,2023
"887","Tyler Scott","WR","Cincinnati","5-10",177,4.44,NA,NA,2023
"888","Justin Shorter","WR","Florida","6-4",229,4.55,NA,NA,2023
"889","Jaxon Smith-Njigba","WR","Ohio St.","6-1",196,NA,6.57,3.93,2023
"890","Cedric Tillman","WR","Tennessee","6-3",213,4.54,NA,NA,2023
"891","Mitchell Tinsley","WR","Penn St.","6-0",199,4.6,NA,4.21,2023
"892","Tre Tucker","WR","Cincinnati","5-9",182,4.4,NA,NA,2023
"893","Parker Washington","WR","Penn St.","5-10",204,NA,NA,NA,2023
"894","Jalen Wayne","WR","South Alabama","6-2",210,4.51,NA,NA,2023
"895","Dontayvion Wicks","WR","Virginia","6-1",206,4.62,NA,NA,2023
"896","Michael Wilson","WR","Stanford","6-2",213,4.58,NA,4.27,2023
"897","Javon Baker","WR","Central Florida","6-1",202,4.54,NA,NA,2024
"898","Jermaine Burton","WR","Alabama","6-0",196,4.45,NA,NA,2024
"899","Jalen Coker","WR","Holy Cross","6-1",208,4.57,NA,NA,2024
"900","Keon Coleman","WR","Florida St.","6-3",213,4.61,NA,NA,2024
"901","Malachi Corley","WR","Western Kentucky","5-11",215,NA,NA,NA,2024
"902","Jacob Cowing","WR","Arizona","5-8",168,4.38,7.02,4.32,2024
"903","Ryan Flournoy","WR","Southeast Missouri St.","6-1",202,4.44,NA,NA,2024
"904","Troy Franklin","WR","Oregon","6-2",176,4.41,6.9,4.31,2024
"905","Anthony Gould","WR","Oregon St.","5-8",174,4.39,NA,4.16,2024
"906","Lideatrick Griffin","WR","Mississippi St.","5-10",181,4.43,7,4.35,2024
"907","Marvin Harrison","WR","Ohio St.","6-3",209,NA,NA,NA,2024
"908","Jha'Quan Jackson","WR","Tulane","5-9",188,4.42,NA,NA,2024
"909","Cornelius Johnson","WR","Michigan","6-3",212,4.44,NA,NA,2024
"910","Xavier Legette","WR","South Carolina","6-1",221,4.39,NA,NA,2024
"911","Luke McCaffrey","WR","Rice","6-2",198,4.46,6.7,4.02,2024
"912","Ladd McConkey","WR","Georgia","6-0",186,4.39,NA,NA,2024
"913","Jalen McMillan","WR","Washington","6-1",197,4.47,6.94,4.18,2024
"914","Bub Means","WR","Pittsburgh","6-1",212,4.43,NA,NA,2024
"915","Adonai Mitchell","WR","Texas","6-2",205,4.34,NA,NA,2024
"916","Malik Nabers","WR","LSU","6-0",200,NA,NA,NA,2024
"917","Rome Odunze","WR","Washington","6-3",212,4.45,6.88,4.03,2024
"918","Ricky Pearsall","WR","Florida","6-1",189,4.41,6.64,4.05,2024
"919","Ja'Lynn Polk","WR","Washington","6-1",203,4.52,NA,NA,2024
"920","Brenden Rice","WR","USC","6-2",208,4.5,NA,NA,2024
"921","Tayvion Robinson","WR","Kentucky","5-11",191,NA,NA,NA,2024
"922","Marcus Rosemy-Jacksaint","WR","Georgia","6-1",195,NA,NA,NA,2024
"923","Ainias Smith","WR","Texas A&M","5-9",190,NA,NA,NA,2024
"924","Brian Thomas","WR","LSU","6-3",209,4.33,NA,NA,2024
"925","Jamari Thrash","WR","Louisville","6-0",188,4.46,7.16,NA,2024
"926","Devaughn Vele","WR","Utah","6-4",203,4.47,NA,NA,2024
"927","Devontez Walker","WR","North Carolina","6-2",193,4.36,NA,NA,2024
"928","Tahj Washington","WR","USC","5-10",174,NA,NA,NA,2024
"929","Malik Washington","WR","Virginia","5-9",191,4.47,NA,NA,2024
"930","Xavier Weaver","WR","Colorado","6-0",169,NA,NA,NA,2024
"931","Jordan Whittington","WR","Texas","6-1",205,NA,NA,NA,2024
"932","Isaiah Williams","WR","Illinois","5-9",182,4.63,6.75,NA,2024
"933","Johnny Wilson","WR","Florida St.","6-6",231,4.52,NA,4.11,2024
"934","Roman Wilson","WR","Michigan","5-11",185,4.39,NA,NA,2024
"935","Xavier Worthy","WR","Texas","5-11",165,4.21,NA,NA,2024
