"","Player","Pos","School","Ht","Wt","X40yd","X3Cone","Shuttle","YearDrafted"
"1","J.J. Arrington","RB","California","5-9",214,4.4,6.81,4.1,2005
"2","Marion Barber","RB","Minnesota","5-11",221,4.49,NA,NA,2005
"3","Cedric Benson","RB","Texas","5-10",222,4.62,NA,NA,2005
"4","DeCori Birmingham","RB","Arkansas","5-10",210,4.56,7.13,4.28,2005
"5","Nehemiah Broughton","RB","Citadel","5-11",250,4.59,7.54,4.28,2005
"6","Ronnie Brown","RB","Auburn","6-0",233,4.43,7.1,4.08,2005
"7","Maurice Clarett","RB","Ohio State","6-0",234,4.78,NA,NA,2005
"8","DeAndra Cobb","RB","Michigan State","5-10",196,4.49,7.13,4.25,2005
"9","Anthony Davis","RB","Wisconsin","5-7",200,4.5,7.39,NA,2005
"10","Ciatrick Fason","RB","Florida","6-1",207,4.58,NA,NA,2005
"11","Lionel Gates","RB","Louisville","6-0",222,4.6,7.17,4.1,2005
"12","Frank Gore","RB","Miami (FL)","5-9",217,4.58,NA,NA,2005
"13","Ryan Grant","RB","Notre Dame","6-1",215,4.43,7.08,4.12,2005
"14","Kay-Jay Harris","RB","West Virginia","6-0",241,4.56,7.2,4.1,2005
"15","Alex Haynes","RB","Central Florida","5-10",223,4.51,NA,NA,2005
"16","Noah Herron","RB","Northwestern","5-11",224,4.6,6.95,3.97,2005
"17","Cedric Houston","RB","Tennessee","5-11",225,4.61,NA,NA,2005
"18","Ray Hudson","RB","Alabama","5-10",192,4.5,NA,NA,2005
"19","Brandon Jacobs","RB","Southern Illinois","6-4",267,4.56,7.53,4.46,2005
"20","T.A. McLendon","RB","North Carolina State","5-10",235,4.71,7.34,4.19,2005
"21","Ryan Moats","RB","Louisiana Tech","5-8",210,4.46,7.22,4.1,2005
"22","Vernand Morency","RB","Oklahoma State","5-10",212,4.66,7.02,4.12,2005
"23","Alvin Pearman","RB","Virginia","5-9",208,4.63,7.06,4.08,2005
"24","Bobby Purify","RB","Colorado","6-0",210,4.67,7.22,4.13,2005
"25","Walter Reyes","RB","Syracuse","5-10",209,4.52,7.23,4.38,2005
"26","Eric Shelton","RB","Louisville","6-1",246,4.53,7.44,4.08,2005
"27","Darren Sproles","RB","Kansas State","5-6",187,4.47,6.96,3.96,2005
"28","Cadillac Williams","RB","Auburn","5-11",217,4.43,6.94,4.15,2005
"29","Joseph Addai","RB","LSU","5-11",214,4.4,7.09,4.47,2006
"30","Mike Bell","RB","Arizona","6-0",221,4.6,7.16,4.21,2006
"31","Reggie Bush","RB","USC","5-11",201,4.37,NA,NA,2006
"32","Brian Calhoun","RB","Wisconsin","5-9",201,4.57,7.05,4.2,2006
"33","P.J. Daniels","RB","Georgia Tech","5-10",214,4.64,7.13,4.4,2006
"34","Quinton Ganther","RB","Utah","5-9",218,4.5,7.19,NA,2006
"35","Ryan Gilbert","RB","Houston","5-10",228,4.6,NA,NA,2006
"36","Marques Hagans","RB","Virginia","5-9",202,4.67,7.03,4.38,2006
"37","Andre Hall","RB","South Florida","5-8",208,4.4,7.38,NA,2006
"38","Jerome Harrison","RB","Washington State","5-9",201,4.47,6.77,4.07,2006
"39","Taurean Henderson","RB","Texas Tech","5-9",204,4.62,7.01,4.4,2006
"40","Cedric Humes","RB","Virginia Tech","6-1",227,4.62,7.07,4.22,2006
"41","Maurice Jones-Drew","RB","UCLA","5-7",207,4.39,7.08,4.38,2006
"42","Wali Lundy","RB","Virginia","5-11",214,4.48,6.99,4.36,2006
"43","Laurence Maroney","RB","Minnesota","6-0",217,4.48,NA,NA,2006
"44","Wendell Mathis","RB","Fresno State","5-11",210,4.51,6.93,4.22,2006
"45","DonTrell Moore","RB","New Mexico","5-10",210,4.64,7.1,4.32,2006
"46","Jerious Norwood","RB","Mississippi State","6-0",210,4.4,6.81,4.25,2006
"47","Gerald Riggs","RB","Tennessee","5-11",232,4.62,NA,NA,2006
"48","Cory Ross","RB","Nebraska","5-6",201,4.58,NA,NA,2006
"49","Derrick Ross","RB","Tarleton State","5-10",226,4.56,7,4.35,2006
"50","Leon Washington","RB","Florida State","5-8",201,4.42,6.94,4.37,2006
"51","LenDale White","RB","USC","6-0",238,4.49,NA,NA,2006
"52","Terrence Whitehead","RB","Oregon","5-10",209,4.69,7.21,4.27,2006
"53","DeAngelo Williams","RB","Memphis","5-9",214,4.45,NA,NA,2006
"54","Lorenzo Booker","RB","Florida State","5-10",191,4.46,NA,NA,2007
"55","Ahmad Bradshaw","RB","Marshall","5-9",198,4.55,6.7,4.09,2007
"56","Eldra Buckley","RB","Tenn-Chattanooga","5-9",202,4.56,7.71,4.43,2007
"57","Michael Bush","RB","Louisville","6-1",243,4.62,NA,NA,2007
"58","Thomas Clayton","RB","Kansas State","5-10",218,4.63,NA,NA,2007
"59","Alonzo Coleman","RB","Kansas State","5-10",207,4.49,NA,NA,2007
"60","Jon Cornish","RB","Kansas","5-11",206,4.62,7.09,NA,2007
"61","Kenneth Darby","RB","Alabama","5-10",211,4.75,7.25,4.53,2007
"62","Chris Henry","RB","Arizona","5-11",230,4.4,6.96,4.14,2007
"63","Tony Hunt","RB","Penn State","6-2",233,4.68,NA,NA,2007
"64","Nate Ilaoa","RB","Hawaii","5-9",245,4.77,7.1,4.42,2007
"65","Kenny Irons","RB","Auburn","5-11",203,4.45,7,4.17,2007
"66","Brandon Jackson","RB","Nebraska","5-10",210,4.54,7,4.14,2007
"67","Brian Leonard","RB","Rutgers","6-1",226,4.52,6.88,4.22,2007
"68","Marshawn Lynch","RB","California","5-11",215,4.46,7.05,4.55,2007
"69","Ronnie McGill","RB","North Carolina","5-11",213,4.59,NA,NA,2007
"70","Tyrone Moss","RB","Miami (FL)","5-9",231,4.75,NA,4.56,2007
"71","Adrian Peterson","RB","Oklahoma","6-1",217,4.4,7.09,4.4,2007
"72","Antonio Pittman","RB","Ohio State","5-11",207,4.4,6.84,4.16,2007
"73","Gary Russell","RB","Minnesota","5-10",229,4.77,NA,4.54,2007
"74","Kolby Smith","RB","Louisville","5-11",220,4.5,7.22,4.34,2007
"75","Ramonce Taylor","RB","Texas College","5-10",195,4.5,6.98,4.23,2007
"76","Darius Walker","RB","Notre Dame","5-10",206,4.55,7.18,4.39,2007
"77","D.J. Ware","RB","Illinois","6-0",225,4.61,NA,NA,2007
"78","Garrett Wolfe","RB","Northern Illinois","5-7",186,4.39,6.69,4.08,2007
"79","Dwayne Wright","RB","Fresno State","5-11",228,4.66,7.23,4.43,2007
"80","DeShawn Wynn","RB","Florida","5-10",232,4.47,NA,NA,2007
"81","Selvin Young","RB","Texas","5-11",207,4.58,NA,NA,2007
"82","Anthony Alridge","RB","Houston","5-9",170,4.36,6.88,NA,2008
"83","Yvenson Bernard","RB","Oregon State","5-8",204,4.81,7.22,4.73,2008
"84","Cory Boyd","RB","South Carolina","6-0",213,4.52,6.97,4.24,2008
"85","Thomas Brown","RB","Georgia","5-8",204,4.51,7.17,NA,2008
"86","Jamaal Charles","RB","Texas","5-11",200,4.38,6.8,4.22,2008
"87","Tashard Choice","RB","Georgia Tech","5-10",215,4.48,6.88,NA,2008
"88","Calvin Dawson","RB","La-Monroe","5-8",199,4.5,NA,NA,2008
"89","Justin Forsett","RB","California","5-8",194,4.62,6.96,NA,2008
"90","Matt Forte","RB","Tulane","6-1",217,4.44,6.84,4.23,2008
"91","BenJarvus Green-Ellis","RB","Mississippi","5-11",219,4.6,NA,NA,2008
"92","Mike Hart","RB","Michigan","5-9",206,4.69,NA,NA,2008
"93","Chris Johnson","RB","East Carolina","5-11",197,4.24,NA,NA,2008
"94","Felix Jones","RB","Arkansas","5-10",207,4.44,6.9,4.19,2008
"95","Rafael Little","RB","Kentucky","5-9",194,4.52,NA,NA,2008
"96","Kregg Lumpkin","RB","Georgia","5-11",226,4.68,NA,NA,2008
"97","Darren McFadden","RB","Arkansas","6-1",211,4.33,NA,NA,2008
"98","Kalvin McRae","RB","Ohio","5-9",203,4.69,NA,NA,2008
"99","Rashard Mendenhall","RB","Illinois","5-10",225,4.41,NA,4.18,2008
"100","Xavier Omon","RB","Northwest Missouri State","5-11",228,4.52,NA,NA,2008
"101","Jalen Parmele","RB","Toledo","5-11",224,4.47,6.96,4.29,2008
"102","Allen Patrick","RB","Oklahoma","6-1",198,4.55,NA,NA,2008
"103","Ray Rice","RB","Rutgers","5-8",199,4.42,6.65,4.2,2008
"104","Dantrell Savage","RB","Oklahoma State","5-8",187,4.53,NA,NA,2008
"105","Chad Simpson","RB","South Florida","5-9",216,4.4,NA,NA,2008
"106","Steve Slaton","RB","West Virginia","5-9",197,4.45,NA,NA,2008
"107","Kevin Smith","RB","Central Florida","6-1",217,4.53,6.74,4.49,2008
"108","Jonathan Stewart","RB","Oregon","5-10",235,4.46,NA,NA,2008
"109","Marcus Thomas","RB","Texas-El Paso","6-0",213,4.59,NA,NA,2008
"110","Ryan Torain","RB","Arizona State","6-0",222,4.61,NA,NA,2008
"111","Chauncey Washington","RB","USC","5-11",211,4.45,NA,NA,2008
"112","Kahlil Bell","RB","UCLA","5-11",212,4.74,6.87,4.2,2009
"113","Andre Brown","RB","North Carolina State","6-0",224,4.37,7.35,4.33,2009
"114","Donald Brown","RB","Connecticut","5-10",210,4.46,6.93,4.1,2009
"115","Glen Coffee","RB","Alabama","6-0",209,4.5,7.35,4.51,2009
"116","James Davis","RB","Clemson","5-11",218,4.45,7.15,4.37,2009
"117","Arian Foster","RB","Tennessee","6-1",226,4.69,NA,NA,2009
"118","Mike Goodson","RB","Texas A&M","6-0",208,4.43,6.89,4.22,2009
"119","Shonn Greene","RB","Iowa","5-10",227,4.55,7.1,4.4,2009
"120","P.J. Hill","RB","Wisconsin","5-10",222,4.63,NA,NA,2009
"121","Rashad Jennings","RB","Liberty","6-1",231,4.52,6.86,4.2,2009
"122","Gartrell Johnson","RB","Colorado State","5-10",219,4.67,NA,NA,2009
"123","Ian Johnson","RB","Boise State","5-11",212,4.41,6.93,4.18,2009
"124","Jeremiah Johnson","RB","Oregon","5-9",209,4.57,NA,NA,2009
"125","Anthony Kimble","RB","Stanford","6-0",216,4.54,7.08,4.4,2009
"126","Marlon Lucky","RB","Nebraska","5-11",216,4.5,7.1,NA,2009
"127","LeSean McCoy","RB","Pittsburgh","5-10",198,4.5,NA,NA,2009
"128","Knowshon Moreno","RB","Georgia","5-11",217,4.5,6.84,4.27,2009
"129","Chris Ogbonnaya","RB","Texas","6-0",220,4.57,6.85,4.29,2009
"130","Branden Ore","RB","West Liberty","5-11",214,4.61,7.35,4.44,2009
"131","Cedric Peerman","RB","Virginia","5-9",216,4.34,6.99,4.29,2009
"132","Javon Ringer","RB","Michigan State","5-9",205,4.5,6.87,4.11,2009
"133","Bernard Scott","RB","Abilene Christian","5-10",200,4.44,6.82,4.08,2009
"134","Kory Sheets","RB","Purdue","5-11",208,4.39,7.18,4.39,2009
"135","Tyrell Sutton","RB","Northwestern","5-8",211,4.64,6.94,4.32,2009
"136","Beanie Wells","RB","Ohio State","6-1",235,4.38,NA,NA,2009
"137","Javarris Williams","RB","Tennessee State","5-9",223,4.51,NA,NA,2009
"138","Joique Bell","RB","Wayne State (MI)","5-11",220,4.68,6.84,4.17,2010
"139","Jahvid Best","RB","California","5-10",199,4.34,6.75,4.17,2010
"140","LeGarrette Blount","RB","Oregon","6-0",241,4.7,6.85,4.49,2010
"141","Chris Brown","RB","Oklahoma","5-10",210,4.55,NA,NA,2010
"142","Andre Dixon","RB","Connecticut","6-1",205,4.56,6.99,4.19,2010
"143","Anthony Dixon","RB","Mississippi State","6-1",233,4.67,7.09,4.49,2010
"144","Jonathan Dwyer","RB","Georgia Tech","5-11",229,4.64,7.56,4.67,2010
"145","Toby Gerhart","RB","Stanford","6-0",231,4.5,6.94,4.25,2010
"146","Montario Hardesty","RB","Tennessee","6-0",225,4.49,6.87,4.14,2010
"147","Brandon James","RB","Florida","5-6",176,4.47,NA,NA,2010
"148","Javarris James","RB","Miami (FL)","6-0",212,4.58,NA,NA,2010
"149","Stafon Johnson","RB","USC","5-11",214,4.62,NA,NA,2010
"150","Darius Marshall","RB","Marshall","5-9",190,4.59,NA,4.39,2010
"151","Ryan Mathews","RB","Fresno State","6-0",218,4.37,7,4.33,2010
"152","Joe McKnight","RB","USC","5-11",198,4.4,NA,NA,2010
"153","Shawnbrey McNeal","RB","SMU","5-9",194,4.53,NA,NA,2010
"154","Lonyae Miller","RB","Fresno State","5-11",221,4.43,7.2,4.54,2010
"155","Brandon Minor","RB","Michigan","6-0",214,4.59,NA,NA,2010
"156","Pat Paschall","RB","North Dakota State","6-0",209,4.65,7.02,4.33,2010
"157","Charles Scott","RB","LSU","5-11",238,4.68,6.98,4.47,2010
"158","C.J. Spiller","RB","Clemson","5-11",196,4.37,NA,NA,2010
"159","James Starks","RB","Buffalo","6-2",218,4.5,6.89,4.23,2010
"160","Ben Tate","RB","Auburn","5-11",220,4.34,6.91,4.12,2010
"161","Keith Toston","RB","Oklahoma State","6-0",213,4.66,NA,4.67,2010
"162","Keiland Williams","RB","LSU","5-11",233,4.52,NA,NA,2010
"163","Anthony Allen","RB","Georgia Tech","6-1",228,4.56,6.79,4.06,2011
"164","Armando Allen","RB","Notre Dame","5-8",199,4.59,NA,NA,2011
"165","Matt Asiata","RB","Utah","5-11",229,4.77,7.09,4.37,2011
"166","Damien Berry","RB","Miami (FL)","5-10",211,4.58,7,4.12,2011
"167","Allen Bradford","RB","USC","5-11",242,4.53,6.97,4.39,2011
"168","Delone Carter","RB","Syracuse","5-9",222,4.54,6.92,4.07,2011
"169","John Clay","RB","Wisconsin","6-0",230,4.83,NA,NA,2011
"170","Graig Cooper","RB","Miami (FL)","5-10",205,4.6,6.66,4.03,2011
"171","Noel Devine","RB","West Virginia","5-7",179,4.43,NA,NA,2011
"172","Shaun Draughn","RB","North Carolina","5-11",213,4.73,7.15,4.2,2011
"173","Darren Evans","RB","Virginia Tech","6-0",227,4.56,6.96,4.46,2011
"174","Mario Fannin","RB","Auburn","5-10",231,4.37,6.99,4.21,2011
"175","Alex Green","RB","Hawaii","6-0",225,4.45,6.91,4.15,2011
"176","Jamie Harper","RB","Clemson","5-11",233,4.53,7.16,4.39,2011
"177","Roy Helu","RB","Nebraska","5-11",219,4.4,6.67,4.01,2011
"178","Kendall Hunter","RB","Oklahoma State","5-7",199,4.46,6.74,4.21,2011
"179","Mark Ingram","RB","Alabama","5-9",215,4.62,7.13,4.62,2011
"180","Taiwan Jones","RB","East. Washington","6-0",194,4.33,NA,NA,2011
"181","Mikel Leshoure","RB","Illinois","6-0",227,4.56,6.82,4.4,2011
"182","Dion Lewis","RB","Pittsburgh","5-7",193,4.56,6.9,4.18,2011
"183","Derrick Locke","RB","Kentucky","5-8",188,4.37,6.98,4.15,2011
"184","DeMarco Murray","RB","Oklahoma","6-0",213,4.37,7.28,4.18,2011
"185","Bilal Powell","RB","Louisville","5-10",207,4.51,NA,NA,2011
"186","Stevan Ridley","RB","LSU","5-11",225,4.65,6.78,4.21,2011
"187","Jacquizz Rodgers","RB","Oregon State","5-6",196,4.59,7.31,4.26,2011
"188","Evan Royster","RB","Penn State","6-0",212,4.65,7.07,4.18,2011
"189","Brandon Saine","RB","Ohio State","5-11",220,4.4,6.98,4.25,2011
"190","Da'Rel Scott","RB","Maryland","5-11",211,4.4,7.15,4.2,2011
"191","Vai Taua","RB","Nevada","5-9",213,4.65,6.89,4.18,2011
"192","Daniel Thomas","RB","Kansas State","6-0",230,4.62,NA,NA,2011
"193","Jordan Todman","RB","Connecticut","5-9",203,4.4,7.24,4.18,2011
"194","Shane Vereen","RB","California","5-10",210,4.49,6.95,4.28,2011
"195","Johnny White","RB","North Carolina","5-10",209,4.5,7.07,4.31,2011
"196","Ryan Williams","RB","Virginia Tech","5-9",212,4.59,6.96,4.18,2011
"197","Edwin Baker","RB","Michigan State","5-8",204,4.44,7.27,4.31,2012
"198","Mike Ball","RB","Nevada","5-8",206,4.54,7.1,4.23,2012
"199","Vick Ballard","RB","Mississippi State","5-10",219,4.59,7.03,4.19,2012
"200","Brandon Bolden","RB","Mississippi","5-11",222,4.55,6.96,4.44,2012
"201","Lennon Creer","RB","Louisiana Tech","5-11",219,4.67,7.26,4.4,2012
"202","Terrance Ganaway","RB","Baylor","5-11",239,4.61,7.15,4.25,2012
"203","Cyrus Gray","RB","Texas A&M","5-10",206,4.4,7.17,NA,2012
"204","Jonas Gray","RB","Notre Dame","5-10",223,4.58,NA,NA,2012
"205","Jewel Hampton","RB","Southern Illinois","5-9",218,4.56,NA,NA,2012
"206","Dan Herron","RB","Ohio State","5-10",213,4.57,6.97,4.04,2012
"207","Ronnie Hillman","RB","San Diego State","5-9",200,4.42,NA,NA,2012
"208","LaMichael James","RB","Oregon","5-8",194,4.35,6.88,4.12,2012
"209","Doug Martin","RB","Boise State","5-9",223,4.46,6.79,4.16,2012
"210","Davin Meggett","RB","Maryland","5-8",211,4.5,7.14,4.32,2012
"211","Lamar Miller","RB","Miami (FL)","5-11",212,4.34,NA,NA,2012
"212","Alfred Morris","RB","Florida Atlantic","5-10",219,4.63,7.01,4.19,2012
"213","Isaiah Pead","RB","Cincinnati","5-10",197,4.39,6.95,4.32,2012
"214","Bernard Pierce","RB","Temple","6-0",218,4.45,7.07,4.28,2012
"215","Chris Polk","RB","Washington","5-10",215,4.52,7.13,4.21,2012
"216","Tauren Poole","RB","Tennessee","5-10",205,4.48,7.36,4.19,2012
"217","Chris Rainey","RB","Florida","5-8",180,4.36,6.5,3.93,2012
"218","Trent Richardson","RB","Alabama","5-9",228,4.48,NA,NA,2012
"219","Darrell Scott","RB","South Florida","6-0",231,4.68,NA,NA,2012
"220","Robert Turbin","RB","Utah State","5-10",222,4.42,7.16,4.31,2012
"221","Marc Tyler","RB","USC","5-11",219,4.7,NA,NA,2012
"222","Fozzy Whittaker","RB","Texas","5-9",193,4.49,NA,NA,2012
"223","David Wilson","RB","Virginia Tech","5-10",206,4.38,7.09,4.12,2012
"224","C.J. Anderson","RB","California","5-8",224,4.6,7.15,4.12,2013
"225","Montee Ball","RB","Wisconsin","5-10",214,4.66,6.88,4.4,2013
"226","Kenjon Barner","RB","Oregon","5-9",196,4.52,6.87,4.2,2013
"227","Le'Veon Bell","RB","Michigan State","6-1",230,4.6,6.75,4.24,2013
"228","Giovani Bernard","RB","North Carolina","5-8",202,4.53,6.91,4.12,2013
"229","Rex Burkhead","RB","Nebraska","5-10",214,4.73,6.85,4.09,2013
"230","Knile Davis","RB","Arkansas","5-11",227,4.37,6.96,4.38,2013
"231","Andre Ellington","RB","Clemson","5-9",199,4.61,NA,NA,2013
"232","Michael Ford","RB","LSU","5-9",210,4.5,6.87,4.25,2013
"233","Johnathan Franklin","RB","UCLA","5-10",205,4.49,6.89,4.31,2013
"234","Mike Gillislee","RB","Florida","5-11",208,4.55,7.12,4.4,2013
"235","Ray Graham","RB","Pittsburgh","5-9",199,4.8,7.17,4.21,2013
"236","D.J. Harper","RB","Boise State","5-9",211,4.52,7.07,4.35,2013
"237","Montel Harris","RB","Temple","5-8",208,4.68,6.95,4.18,2013
"238","Mike James","RB","Miami (FL)","5-10",223,4.53,NA,4.62,2013
"239","Jawan Jamison","RB","Rutgers","5-7",203,4.68,NA,NA,2013
"240","Stefphon Jefferson","RB","Nevada","5-10",213,4.68,6.97,4.44,2013
"241","Eddie Lacy","RB","Alabama","5-11",231,4.55,NA,NA,2013
"242","Marcus Lattimore","RB","South Carolina","5-11",221,4.65,NA,NA,2013
"243","Miguel Maysonet","RB","Stony Brook","5-9",209,4.54,7.21,4.43,2013
"244","Onterio McCalebb","RB","Auburn","5-10",168,4.34,NA,NA,2013
"245","Christine Michael","RB","Texas A&M","5-10",220,4.54,6.69,4.02,2013
"246","Joseph Randle","RB","Oklahoma State","6-0",204,4.63,NA,NA,2013
"247","Theo Riddick","RB","Notre Dame","5-10",201,4.68,NA,NA,2013
"248","Robbie Rouse","RB","Fresno State","5-6",190,4.8,6.97,4.25,2013
"249","Zac Stacy","RB","Vanderbilt","5-8",216,4.55,6.7,4.17,2013
"250","Stepfan Taylor","RB","Stanford","5-9",214,4.76,7.13,4.5,2013
"251","Chris Thompson","RB","Florida State","5-7",192,4.42,NA,NA,2013
"252","Matthew Tucker","RB","TCU","6-0",221,4.55,NA,NA,2013
"253","Spencer Ware","RB","LSU","5-10",228,4.62,NA,NA,2013
"254","Kerwynn Williams","RB","Utah State","5-8",195,4.48,7.15,4.15,2013
"255","George Winn","RB","Cincinnati","5-10",218,4.75,NA,NA,2013
"256","Cierre Wood","RB","Notre Dame","5-11",213,4.56,NA,NA,2013
"257","Antonio Andrews","RB","Western Kentucky","5-10",225,4.82,7.24,4.49,2014
"258","George Atkinson","RB","Notre Dame","6-1",218,4.48,7.07,4.46,2014
"259","Kapri Bibbs","RB","Colorado State","5-9",212,4.67,NA,NA,2014
"260","Alfred Blue","RB","LSU","6-2",223,4.63,7.15,4.5,2014
"261","Ka'Deem Carey","RB","Arizona","5-9",207,4.69,7.08,4.38,2014
"262","Tim Cornett","RB","UNLV","6-0",209,4.48,7.01,4.26,2014
"263","Isaiah Crowell","RB","Arkansas","5-11",224,4.57,NA,NA,2014
"264","Tim Flanders","RB","SMU","5-9",207,4.75,7.07,NA,2014
"265","David Fluellen","RB","Toledo","5-11",224,4.72,6.9,NA,2014
"266","Devonta Freeman","RB","Florida State","5-8",206,4.58,7.11,4.26,2014
"267","Tyler Gaffney","RB","Stanford","5-11",220,4.49,6.78,4.18,2014
"268","Marion Grice","RB","Arizona State","6-0",208,4.67,NA,NA,2014
"269","Jeremy Hill","RB","LSU","6-1",233,4.56,NA,NA,2014
"270","Carlos Hyde","RB","Ohio State","6-0",230,4.62,NA,NA,2014
"271","Storm Johnson","RB","Central Florida","6-0",209,4.6,NA,NA,2014
"272","Henry Josey","RB","Missouri","5-8",194,4.43,7.07,4.13,2014
"273","James Wilder, Jr.","RB","Florida State","6-3",232,4.65,6.92,4.24,2014
"274","Tre Mason","RB","Auburn","5-8",207,4.5,NA,4.15,2014
"275","Jerick McKinnon","RB","Georgia Southern","5-9",209,4.41,6.83,4.12,2014
"276","Adam Muema","RB","San Diego State","5-10",202,4.56,NA,NA,2014
"277","LaDarius Perkins","RB","Mississippi State","5-7",195,4.46,7.08,4.3,2014
"278","Silas Redd","RB","USC","5-10",212,4.7,NA,NA,2014
"279","Bishop Sankey","RB","Washington","5-9",209,4.49,6.75,4,2014
"280","Lache Seastrunk","RB","Baylor","5-9",201,4.51,NA,NA,2014
"281","Charles Sims","RB","West Virginia","6-0",214,4.48,7.16,4.3,2014
"282","Jerome Smith","RB","Syracuse","5-11",220,4.84,7.53,4.6,2014
"283","Lorenzo Taliaferro","RB","Coastal Carolina","6-0",229,4.58,6.88,4.22,2014
"284","De'Anthony Thomas","RB","Oregon","5-9",174,4.39,NA,NA,2014
"285","Terrance West","RB","Towson","5-9",225,4.56,NA,NA,2014
"286","James White","RB","Wisconsin","5-9",204,4.57,7.05,4.2,2014
"287","Andre Williams","RB","Boston Col.","5-11",230,4.56,7.27,4.06,2014
"288","Damien Williams","RB","Oklahoma","5-11",222,4.45,7.37,4.25,2014
"289","Ameer Abdullah","RB","Nebraska","5-9",205,4.6,6.79,3.95,2015
"290","Jay Ajayi","RB","Boise State","6-0",221,4.57,7.1,4.1,2015
"291","Javorius Allen","RB","USC","6-0",221,4.53,6.96,4.28,2015
"292","Cameron Artis-Payne","RB","Auburn","5-10",212,4.53,7.13,NA,2015
"293","Dominique Brown","RB","Louisville","6-2",234,4.63,NA,NA,2015
"294","Malcolm Brown","RB","Texas","5-11",224,4.62,6.86,4.15,2015
"295","B.J. Catalon","RB","TCU","5-7",186,4.57,6.9,4.15,2015
"296","David Cobb","RB","Minnesota","5-11",229,4.81,NA,NA,2015
"297","Tevin Coleman","RB","Indiana","5-11",206,4.4,NA,NA,2015
"298","John Crockett","RB","North Dakota State","6-0",217,4.62,7.15,4.25,2015
"299","Mike Davis","RB","South Carolina","5-9",217,4.61,7,4.18,2015
"300","Michael Dyer","RB","Louisville","5-8",218,4.58,NA,NA,2015
"301","Jahwan Edwards","RB","Ball State","5-9",220,4.8,7.63,4.5,2015
"302","Melvin Gordon","RB","Wisconsin","6-1",215,4.52,7.04,4.07,2015
"303","Todd Gurley","RB","Georgia","6-1",222,4.52,NA,NA,2015
"304","Dee Hart","RB","Colorado State","5-7",199,4.8,7.2,4.38,2015
"305","Braylon Heard","RB","Kentucky","5-10",198,4.63,7.19,4.4,2015
"306","Kenny Hilliard","RB","LSU","6-0",226,4.83,7.17,4.4,2015
"307","Gus Johnson","RB","Stephen F. Austin","5-10",215,4.7,7.09,4.13,2015
"308","David Johnson","RB","New Mexico","6-1",224,4.5,6.82,4.27,2015
"309","Duke Johnson","RB","Miami (FL)","5-9",207,4.54,NA,NA,2015
"310","Matt Jones","RB","Florida","6-2",231,4.61,NA,4.2,2015
"311","Jeremy Langford","RB","Michigan State","6-0",208,4.42,7.22,4.32,2015
"312","Terrence Magee","RB","LSU","5-8",213,4.62,7.52,4.37,2015
"313","Marcus Murphy","RB","Missouri","5-9",198,4.61,NA,4.4,2015
"314","Thomas Rawls","RB","Central Michigan","5-9",215,4.65,NA,NA,2015
"315","Josh Robinson","RB","Mississippi State","5-8",217,4.7,NA,NA,2015
"316","Karlos Williams","RB","Florida State","6-1",230,4.48,7.16,4.46,2015
"317","Trey Williams","RB","Texas A&M","5-7",195,4.49,6.84,4.12,2015
"318","T.J. Yeldon","RB","Alabama","6-1",226,4.61,7.19,4.22,2015
"319","Peyton Barber","RB","Auburn","5-10",228,4.64,7,4.21,2016
"320","Devontae Booker","RB","Utah","5-11",219,4.56,NA,NA,2016
"321","Tra Carson","RB","Texas A&M","5-11",227,4.63,NA,NA,2016
"322","Alex Collins","RB","Arkansas","5-10",217,4.59,NA,NA,2016
"323","Marshaun Coprich","RB","Illinois State","5-8",207,4.47,7.26,4.58,2016
"324","Kenneth Dixon","RB","Louisiana Tech","5-10",215,4.56,6.97,4.28,2016
"325","Kenyan Drake","RB","Alabama","6-1",210,4.45,7.04,4.21,2016
"326","Ezekiel Elliott","RB","Ohio State","6-0",225,4.47,NA,NA,2016
"327","Tyler Ervin","RB","San Jose State","5-10",192,4.41,NA,NA,2016
"328","Josh Ferguson","RB","Illinois","5-9",198,4.48,NA,NA,2016
"329","Derrick Henry","RB","Alabama","6-3",247,4.54,7.2,4.38,2016
"330","Jordan Howard","RB","Indiana","6-0",230,4.57,NA,NA,2016
"331","Devon Johnson","RB","Marshall","6-0",238,4.64,NA,NA,2016
"332","Daniel Lasco","RB","California","6-0",209,4.46,7.22,4.26,2016
"333","Tre Madden","RB","USC","6-0",223,4.53,NA,NA,2016
"334","Keith Marshall","RB","Georgia","5-11",219,4.31,NA,NA,2016
"335","Paul Perkins","RB","UCLA","5-10",208,4.54,NA,NA,2016
"336","C.J. Prosise","RB","Notre Dame","6-0",220,4.48,NA,NA,2016
"337","Wendell Smallwood","RB","West Virginia","5-10",208,4.47,6.83,4.28,2016
"338","Kelvin Taylor","RB","Florida","5-10",207,4.6,NA,NA,2016
"339","Shadrach Thornton","RB","North Carolina State","6-0",217,4.75,6.85,4.21,2016
"340","Deandre Washington","RB","Texas Tech","5-8",204,4.49,7.03,4.2,2016
"341","Brandon Wilds","RB","South Carolina","6-1",220,4.54,7.08,4.33,2016
"342","Jonathan Williams","RB","Arkansas","5-11",220,4.56,NA,NA,2016
"343","Chris Carson","RB","Oklahoma State","6-0",218,4.58,NA,NA,2017
"344","Corey Clement","RB","Wisconsin","5-10",220,4.68,NA,NA,2017
"345","Tarik Cohen","RB","North Carolina A&T","5-6",179,4.42,NA,NA,2017
"346","James Conner","RB","Pittsburgh","6-1",233,4.65,NA,NA,2017
"347","Dalvin Cook","RB","Florida State","5-10",210,4.49,7.27,4.53,2017
"348","Justin Davis","RB","USC","6-1",208,NA,NA,NA,2017
"349","Matthew Dayes","RB","North Carolina State","5-9",205,4.47,NA,NA,2017
"350","D'Onta Foreman","RB","Texas","6-0",233,NA,NA,NA,2017
"351","Leonard Fournette","RB","LSU","6-0",240,4.51,NA,NA,2017
"352","Wayne Gallman","RB","Clemson","6-0",215,4.6,7.17,4.28,2017
"353","DeAngelo Henderson","RB","Coastal Carolina","5-7",208,4.48,NA,NA,2017
"354","Brian Hill","RB","Wyoming","6-1",219,4.54,7.03,4.32,2017
"355","Elijah Hood","RB","North Carolina","6-0",232,NA,NA,NA,2017
"356","Kareem Hunt","RB","Toledo","5-10",216,4.62,NA,NA,2017
"357","Rushel Shell III","RB","West Virginia","5-10",227,4.74,NA,NA,2017
"358","Aaron Jones","RB","Texas-El Paso","5-9",208,4.56,6.82,4.2,2017
"359","Alvin Kamara","RB","Tennessee","5-10",214,4.56,NA,NA,2017
"360","T.J. Logan","RB","North Carolina","5-9",196,4.37,NA,NA,2017
"361","Marlon Mack","RB","South Florida","5-11",213,4.5,NA,NA,2017
"362","Christian McCaffrey","RB","Stanford","5-11",202,4.48,6.57,4.22,2017
"363","Elijah McGuire","RB","Louisiana","5-10",214,4.53,7.26,4.56,2017
"364","Jeremy McNichols","RB","Boise State","5-9",214,4.49,6.93,4.28,2017
"365","Dare Ogunbowale","RB","Wisconsin","5-11",213,4.65,6.99,4.34,2017
"366","Samaje Perine","RB","Oklahoma","5-11",233,4.65,7.26,4.37,2017
"367","Donnel Pumphrey","RB","San Diego State","5-8",176,4.48,NA,NA,2017
"368","Devine Redding","RB","Indiana","5-8",205,4.76,7.18,4.46,2017
"369","De'Veon Smith","RB","Michigan","5-11",223,NA,7.3,4.56,2017
"370","Jahad Thomas","RB","Temple","5-10",190,4.62,NA,NA,2017
"371","Jamaal Williams","RB","BYU","6-0",212,4.59,7.25,4.53,2017
"372","Joe Williams","RB","Utah","5-11",210,4.41,7.19,4.19,2017
"373","Stanley Williams","RB","Kentucky","5-7",190,4.51,6.86,4.18,2017
"374","Josh Adams","RB","Notre Dame","6-2",213,NA,NA,NA,2018
"375","Kalen Ballage","RB","Arizona State","6-1",228,4.46,6.91,4.35,2018
"376","Saquon Barkley","RB","Penn State","6-0",233,4.4,NA,4.24,2018
"377","Nick Chubb","RB","Georgia","5-11",227,4.52,7.09,4.25,2018
"378","Lavon Coleman","RB","Washington","5-11",215,4.65,NA,NA,2018
"379","Justin Crawford","RB","West Virginia","5-11",199,4.64,NA,NA,2018
"380","Chase Edmonds","RB","Fordham","5-9",205,4.55,6.79,4.07,2018
"381","Donnie Ernsberger","RB","Western Michigan","6-3",241,4.78,7.09,4.34,2018
"382","Dimitri Flowers","RB","Oklahoma","6-2",248,4.83,7.45,4.53,2018
"383","Jarvion Franklin","RB","West. Michigan","5-11",239,4.63,6.93,4.31,2018
"384","Royce Freeman","RB","Oregon","5-11",229,4.54,6.9,4.16,2018
"385","Derrius Guice","RB","LSU","5-10",224,4.49,NA,NA,2018
"386","Kyle Hicks","RB","TCU","5-10",204,4.63,NA,NA,2018
"387","Nyheim Hines","RB","North Carolina State","5-8",198,4.38,7.18,4.35,2018
"388","Justin Jackson","RB","Northwestern","6-0",199,4.52,6.81,4.07,2018
"389","Kerryon Johnson","RB","Auburn","5-11",213,NA,7.07,4.29,2018
"390","Ronald Jones","RB","USC","5-11",205,4.65,NA,NA,2018
"391","John Kelly","RB","Tennessee","5-10",216,NA,7.13,4.51,2018
"392","Sony Michel","RB","Georgia","5-11",214,4.54,NA,4.21,2018
"393","Ryan Nall","RB","Oregon State","6-2",232,4.58,6.95,4.16,2018
"394","Rashaad Penny","RB","San Diego State","5-11",220,4.46,NA,NA,2018
"395","Kamryn Pettway","RB","Auburn","6-0",233,4.74,NA,NA,2018
"396","Demario Richard","RB","Arizona State","5-9",218,4.7,NA,NA,2018
"397","Bo Scarbrough","RB","Alabama","6-1",228,4.52,NA,4.34,2018
"398","Roc Thomas","RB","Jacksonville State","5-10",198,4.56,NA,NA,2018
"399","Akrum Wadley","RB","Iowa","5-10",194,4.54,NA,NA,2018
"400","Mark Walton","RB","Miami (FL)","5-10",202,4.6,NA,NA,2018
"401","Chris Warren","RB","Texas","6-2",247,4.69,6.98,4.18,2018
"402","Jordan Wilkins","RB","Mississippi","6-1",216,NA,NA,4.27,2018
"403","Darrel Williams","RB","LSU","6-0",225,4.72,NA,4.21,2018
"404","Jeff Wilson","RB","North Texas","5-11",210,NA,NA,NA,2018
"405","Rodney Anderson","RB","Oklahoma","6-0",224,NA,NA,NA,2019
"406","Ryquell Armstead","RB","Temple","5-11",220,4.45,7.02,4.29,2019
"407","Alex Barnes","RB","Kansas State","6-0",226,4.59,6.95,4.1,2019
"408","Nick Brossette","RB","LSU","5-11",209,4.72,7.38,4.44,2019
"409","Myles Gaskin","RB","Washington","5-9",205,4.58,7.19,4.27,2019
"410","Damien Harris","RB","Alabama","5-10",216,4.57,NA,NA,2019
"411","Darrell Henderson","RB","Memphis","5-8",208,4.49,NA,NA,2019
"412","Karan Higdon","RB","Michigan","5-9",206,4.49,NA,NA,2019
"413","Justice Hill","RB","Oklahoma State","5-10",198,4.4,NA,NA,2019
"414","Elijah Holyfield","RB","Georgia","5-10",217,4.78,NA,NA,2019
"415","Travis Homer","RB","Miami (FL)","5-10",201,4.48,7.07,4.31,2019
"416","Josh Jacobs","RB","Alabama","5-10",220,NA,NA,NA,2019
"417","Bryce Love","RB","Stanford","5-9",200,NA,NA,NA,2019
"418","Alexander Mattison","RB","Boise State","5-11",221,4.67,7.13,4.29,2019
"419","David Montgomery","RB","Iowa State","5-10",222,4.63,NA,NA,2019
"420","Jalin Moore","RB","Appalachian State","5-10",212,NA,NA,NA,2019
"421","Qadree Ollison","RB","Pittsburgh","6-1",228,4.58,7.53,4.31,2019
"422","Tony Pollard","RB","Memphis","6-0",210,4.52,NA,NA,2019
"423","Miles Sanders","RB","Penn State","5-11",211,4.49,6.89,4.19,2019
"424","Jordan Scarlett","RB","Florida","5-11",208,4.47,7.37,4.63,2019
"425","Lj Scott","RB","Michigan State","6-0",227,NA,7.27,4.34,2019
"426","Devin Singletary","RB","Florida Atlantic","5-7",203,4.66,7.32,4.4,2019
"427","Benny Snell","RB","Kentucky","5-10",224,4.66,7.07,4.33,2019
"428","Mike Weber","RB","Ohio State","5-10",211,4.47,NA,NA,2019
"429","Dexter Williams","RB","Notre Dame","5-11",212,4.57,7,4.16,2019
"430","James Williams","RB","Washington State","5-9",197,4.58,7.01,4.25,2019
"431","Trayveon Williams","RB","Texas A&M","5-8",206,4.51,7.44,4.44,2019
"432","Salvon Ahmed","RB","Washington","5-11",197,4.62,NA,NA,2020
"433","Cam Akers","RB","Florida State","5-10",217,4.47,NA,4.42,2020
"434","Jet Anderson","RB","TCU","5-10",208,4.61,NA,4.19,2020
"435","LeVante Bellamy","RB","Western Michigan","5-9",192,4.5,NA,NA,2020
"436","Eno Benjamin","RB","Arizona State","5-9",207,4.57,6.97,4.25,2020
"437","Raymond Calais","RB","Louisiana-Lafayette","5-8",188,4.42,NA,NA,2020
"438","DeeJay Dallas","RB","Miami","5-10",217,4.58,7.18,4.32,2020
"439","AJ Dillon","RB","Boston College","6-0",247,4.53,7.19,NA,2020
"440","J.K. Dobbins","RB","Ohio State","5-9",209,NA,NA,NA,2020
"441","Rico Dowdle","RB","South Carolina","5-11",213,4.54,NA,NA,2020
"442","Clyde Edwards-Helaire","RB","LSU","5-7",207,4.6,NA,NA,2020
"443","Darrynton Evans","RB","Appalachian State","5-10",203,4.41,NA,NA,2020
"444","JaMycal Hasty","RB","Baylor","5-8",205,4.55,NA,4.03,2020
"445","Brian Herrien","RB","Georgia","5-11",209,4.62,7.12,4.4,2020
"446","Tony Jones","RB","Notre Dame","5-10",220,4.68,7.18,4.21,2020
"447","Joshua Kelley","RB","UCLA","5-11",212,4.49,6.95,4.28,2020
"448","Javon Leake","RB","Maryland","6-0",215,4.65,NA,NA,2020
"449","Benny LeMay","RB","Charlotte","5-8",221,4.75,NA,NA,2020
"450","Anthony McFarland","RB","Maryland","5-8",208,4.44,NA,NA,2020
"451","Zack Moss","RB","Utah","5-9",223,4.65,NA,4.37,2020
"452","Sewo Olonilua","RB","TCU","6-3",232,4.66,NA,4.28,2020
"453","La'Mical Perine","RB","Florida","5-11",216,4.62,7.13,4.31,2020
"454","Scottie Phillips","RB","Mississippi","5-8",209,4.56,7.4,4.53,2020
"455","James Robinson","RB","Illinois State","5-9",219,4.64,7.03,4.19,2020
"456","D'Andre Swift","RB","Georgia","5-8",212,4.48,NA,NA,2020
"457","J.J. Taylor","RB","Arizona","5-5",185,4.61,7,4.15,2020
"458","Jonathan Taylor","RB","Wisconsin","5-10",226,4.39,7.01,4.24,2020
"459","Patrick Taylor","RB","Memphis","6-1",217,4.57,NA,4.34,2020
"460","Ke'Shawn Vaughn","RB","Vanderbilt","5-10",214,4.51,NA,NA,2020
"461","Mike Warren","RB","Cincinnati","5-9",226,NA,NA,NA,2020
"462","Otis Anderson","RB","Central Florida","5-7",179,4.63,7.04,4.38,2021
"463","Rakeem Boyd","RB","Arkansas","5-11",213,4.7,7.22,4.38,2021
"464","Gary Brightwell","RB","Arizona","5-10",218,4.62,7.51,4.48,2021
"465","Michael Carter","RB","North Carolina","5-7",201,4.5,6.81,3.98,2021
"466","Corey Dauphine","RB","Tulane","5-11",198,4.71,7.4,4.53,2021
"467","Bryson Denley","RB","Bowling Green","5-7",189,4.56,7.25,4.57,2021
"468","Gerrid Doaks","RB","Cincinnati","5-11",228,4.58,7.2,4.27,2021
"469","Travis Etienne","RB","Clemson","5-10",215,4.45,NA,NA,2021
"470","Chris Evans","RB","Michigan","5-11",211,4.5,6.83,4.12,2021
"471","Demetric Felton","RB","UCLA","5-8",189,4.55,NA,NA,2021
"472","Jake Funk","RB","Maryland","5-10",204,4.49,6.71,4.12,2021
"473","Kenneth Gainwell","RB","Memphis","",201,4.42,NA,NA,2021
"474","Garrett Groshek","RB","Wisconsin","5-11",217,4.64,7.08,4.32,2021
"475","Javian Hawkins","RB","Louisville","5-8",183,4.46,6.98,4.23,2021
"476","Justin Henderson","RB","Louisiana Tech","5-7",220,4.65,7.22,4.59,2021
"477","Khalil Herbert","RB","Virginia Tech","5-8",210,4.46,6.96,4.31,2021
"478","Kylin Hill","RB","Mississippi St.","5-10",214,4.51,7.13,4.35,2021
"479","Chuba Hubbard","RB","Oklahoma St.","6-0",210,4.48,7.24,4.26,2021
"480","Deon Jackson","RB","Duke","5-11",218,4.41,7.15,4.37,2021
"481","Jermar Jefferson","RB","Oregon St.","5-10",206,4.57,7.38,4.38,2021
"482","Josh Johnson","RB","La-Monroe","5-8",209,4.61,7.16,4.4,2021
"483","Jamal Jones","RB","Arkansas St.","5-6",198,4.67,7.39,4.65,2021
"484","Brenden Knox","RB","Marshall","5-10",215,4.67,7.19,4.39,2021
"485","CJ Marable","RB","Coastal Carolina","5-6",195,4.59,7.25,4.39,2021
"486","Sandon McCoy","RB","Army","5-10",215,4.78,7.47,4.56,2021
"487","Greg McCrae","RB","Central Florida","5-9",182,4.57,6.89,4.34,2021
"488","Dedrick Mills","RB","Nebraska","5-9",217,4.65,7.06,4.35,2021
"489","Elijah Mitchell","RB","Louisiana","5-10",201,4.38,6.94,4.19,2021
"490","Jaret Patterson","RB","Buffalo","5-6",195,4.59,7.03,4.35,2021
"491","Trey Ragas","RB","Louisiana","5-10",214,4.6,7.19,4.5,2021
"492","Asim Rose","RB","Kentucky","6-1",215,4.51,7.25,4.62,2021
"493","Larry Rountree","RB","Missouri","",NA,4.62,6.96,NA,2021
"494","Mekhi Sargent","RB","Iowa","5-8",208,4.62,7.08,4.39,2021
"495","Stevie Scott","RB","Indiana","6-0",225,4.66,7.14,4.57,2021
"496","Trey Sermon","RB","Ohio St.","6-0",215,4.57,6.83,4.28,2021
"497","Rhamondre Stevenson","RB","Oklahoma","5-11",231,4.64,7.09,4.15,2021
"498","Harry Trotter","RB","Kansas St.","5-8",207,4.63,NA,NA,2021
"499","Israel Tucker","RB","Louisiana Tech","5-7",194,4.6,7.25,4.52,2021
"500","Javonte Williams","RB","North Carolina","5-9",212,4.55,6.97,4.09,2021
"501","Pooka Williams","RB","Kansas","5-9",170,4.46,7.03,4.26,2021
"502","Tyler Allgeier","RB","BYU","5-11",224,4.6,NA,NA,2022
"503","Tyler Badie","RB","Missouri","5-8",197,4.45,NA,NA,2022
"504","Greg Bell","RB","San Diego St.","5-11",201,NA,NA,NA,2022
"505","Max Borghi","RB","Washington St.","5-9",210,NA,NA,NA,2022
"506","Kennedy Brooks","RB","Oklahoma","5-11",209,4.59,NA,NA,2022
"507","Leddie Brown","RB","West Virginia","6-0",213,4.64,NA,NA,2022
"508","Tykevious Chandler","RB","North Carolina","5-11",204,4.38,NA,NA,2022
"509","Snoop Conner","RB","Mississippi","5-10",222,4.59,NA,NA,2022
"510","James Cook","RB","Georgia","5-11",199,4.42,NA,NA,2022
"511","Jashaun Corbin","RB","Florida St.","5-11",202,NA,NA,NA,2022
"512","Tyrion Davis-Price","RB","LSU","6-0",211,4.48,NA,NA,2022
"513","Jerrion Ealy","RB","Mississippi","5-8",189,4.52,NA,NA,2022
"514","Trestan Ebner","RB","Baylor","5-11",206,4.43,NA,NA,2022
"515","Jerome Ford","RB","Cincinnati","5-11",210,4.46,NA,NA,2022
"516","Tyler Goodson","RB","Iowa","5-9",197,4.42,NA,NA,2022
"517","Breece Hall","RB","Iowa St.","5-11",217,4.39,NA,NA,2022
"518","Kevin Harris","RB","South Carolina","5-10",221,NA,NA,NA,2022
"519","Hassan Haskins","RB","Michigan","6-2",228,NA,NA,NA,2022
"520","Keaontay Ingram","RB","USC","6-0",221,4.53,NA,NA,2022
"521","Zonovan Knight","RB","North Carolina St.","5-11",209,4.58,NA,NA,2022
"522","Sincere McCormick","RB","Texas-San Antonio","5-9",205,4.6,NA,NA,2022
"523","Isiah Pacheco","RB","Rutgers","5-10",216,4.37,NA,NA,2022
"524","Dameon Pierce","RB","Florida","5-10",218,4.59,NA,NA,2022
"525","D'vonte Price","RB","Florida International","6-1",210,4.38,NA,NA,2022
"526","Ronnie Rivers","RB","Fresno St.","5-8",195,4.6,NA,NA,2022
"527","Brian Robinson","RB","Alabama","6-2",225,4.53,NA,NA,2022
"528","Abram Smith","RB","Baylor","6-0",213,NA,NA,NA,2022
"529","Isaiah Spiller","RB","Texas A&M","6-0",217,NA,NA,NA,2022
"530","Pierre Strong","RB","South Dakota St.","5-11",207,4.37,NA,NA,2022
"531","CJ Verdell","RB","Oregon","5-8",194,NA,NA,NA,2022
"532","Kenneth Walker","RB","Michigan St.","5-9",211,4.38,NA,NA,2022
"533","Jaylen Warren","RB","Oklahoma St.","5-8",204,4.55,NA,NA,2022
"534","Rachaad White","RB","Arizona St.","6-0",214,4.48,NA,NA,2022
"535","ZaQuandre White","RB","South Carolina","6-0",206,NA,NA,NA,2022
"536","Zamir White","RB","Georgia","6-0",214,4.4,NA,NA,2022
"537","Kyren Williams","RB","Notre Dame","5-9",194,4.65,NA,NA,2022
"538","Israel Abanikanda","RB","Pittsburgh","5-10",216,NA,NA,NA,2023
"539","Devon Achane","RB","Texas A&M","5-9",188,4.32,NA,NA,2023
"540","Tank Bigsby","RB","Auburn","6-0",210,4.56,NA,NA,2023
"541","Chase Brown","RB","Illinois","5-10",209,4.43,NA,NA,2023
"542","Zach Charbonnet","RB","UCLA","6-0",214,4.53,NA,NA,2023
"543","Travis Dye","RB","USC","5-10",201,NA,NA,NA,2023
"544","Tiyon Evans","RB","Louisville","5-10",225,4.52,NA,NA,2023
"545","Zach Evans","RB","Mississippi","5-11",202,NA,NA,NA,2023
"546","Jahmyr Gibbs","RB","Alabama","5-9",199,4.36,NA,NA,2023
"547","Eric Gray","RB","Oklahoma","5-10",207,NA,NA,NA,2023
"548","Evan Hull","RB","Northwestern","5-10",209,4.47,6.9,4.38,2023
"549","Mohamed Ibrahim","RB","Minnesota","5-8",203,NA,NA,NA,2023
"550","Roschon Johnson","RB","Texas","6-0",219,4.58,NA,NA,2023
"551","Chris Rodriguez Jr.","RB","Kentucky","6-0",217,NA,NA,NA,2023
"552","DeWayne McBride","RB","Alabama-Birmingham","5-10",209,NA,NA,NA,2023
"553","Kenny McIntosh","RB","Georgia","6-0",204,4.62,NA,NA,2023
"554","Kendre Miller","RB","TCU","5-11",215,NA,NA,NA,2023
"555","Keaton Mitchell","RB","East Carolina","5-8",179,4.37,NA,NA,2023
"556","Camerun Peoples","RB","Appalachian St.","6-1",217,4.61,NA,NA,2023
"557","Deneric Prince","RB","Tulsa","6-0",216,4.41,NA,NA,2023
"558","Bijan Robinson","RB","Texas","5-11",215,4.46,NA,NA,2023
"559","Tyjae Spears","RB","Tulane","5-10",201,NA,NA,NA,2023
"560","Tavion Thomas","RB","Utah","6-0",237,4.74,NA,NA,2023
"561","SaRodorick Thompson","RB","Texas Tech","6-0",207,4.67,7.25,4.7,2023
"562","Sean Tucker","RB","Syracuse","5-9",207,NA,NA,NA,2023
"563","Deuce Vaughn","RB","Kansas St.","5-5",179,NA,NA,NA,2023
"564","Rasheen Ali","RB","Marshall","5-11",206,NA,NA,NA,2024
"565","Braelon Allen","RB","Wisconsin","6-1",235,NA,NA,NA,2024
"566","Emani Bailey","RB","TCU","5-7",202,4.61,NA,NA,2024
"567","Trey Benson","RB","Florida St.","6-0",216,4.39,NA,NA,2024
"568","Jonathon Brooks","RB","Texas","6-0",216,NA,NA,NA,2024
"569","Blake Corum","RB","Michigan","5-8",205,4.53,6.82,4.12,2024
"570","Isaiah Davis","RB","South Dakota St.","6-0",218,4.57,NA,NA,2024
"571","Re'Mahn Davis","RB","Kentucky","5-8",211,4.52,NA,4.51,2024
"572","Sevarian Edwards","RB","Georgia","5-10",207,NA,NA,NA,2024
"573","Audric Estim√©","RB","Notre Dame","5-11",221,4.71,NA,NA,2024
"574","Franklin Gore","RB","Southern Mississippi","5-8",201,NA,NA,NA,2024
"575","Isaac Guerendo","RB","Louisville","6-0",221,4.33,6.94,4.15,2024
"576","George Holani","RB","Boise St.","5-10",208,4.52,NA,4.33,2024
"577","Bucky Irving","RB","Oregon","5-9",192,4.55,NA,NA,2024
"578","Dillon Johnson","RB","Washington","6-0",217,4.68,NA,NA,2024
"579","Jawhar Jordan","RB","Louisville","5-10",193,4.56,NA,NA,2024
"580","Tyrone Tracy Jr.","RB","Purdue","5-11",209,4.48,6.81,4.06,2024
"581","Dylan Laube","RB","New Hampshire","5-10",206,4.54,6.84,4.02,2024
"582","MarShawn Lloyd","RB","USC","5-9",220,4.46,NA,NA,2024
"583","Jase McClellan","RB","Alabama","5-10",221,NA,NA,NA,2024
"584","Kendall Milton","RB","Georgia","6-2",225,4.62,NA,4.38,2024
"585","Keilan Robinson","RB","Texas","5-8",191,4.42,NA,NA,2024
"586","Cody Schrader","RB","Missouri","5-9",202,4.61,NA,NA,2024
"587","Will Shipley","RB","Clemson","5-11",206,NA,NA,NA,2024
"588","Jaden Shirden","RB","Monmouth","5-8",187,4.45,NA,NA,2024
"589","Kimani Vidal","RB","Troy","5-8",213,4.46,7.01,4.15,2024
"590","Michael Wiley","RB","Arizona","5-11",210,4.51,NA,4.43,2024
"591","Miyan Williams","RB","Ohio St.","5-9",229,NA,NA,NA,2024
"592","Jaylen Wright","RB","Tennessee","5-11",210,4.38,NA,NA,2024
